Id,Label
A. Figueroa-Romero,A. Figueroa-Romero
A. Gaona-Arias,A. Gaona-Arias
A. Soria-Lorente,A. Soria-Lorente
Abel Fernández Infante1*,Abel Fernández Infante1*
Abel Rodr´ıguez Morffi,Abel Rodr´ıguez Morffi
Abelardo López Domínguez,Abelardo López Domínguez
Abraham Toledo Sánchez,Abraham Toledo Sánchez
Adolfo Arsenio Fernández García,Adolfo Arsenio Fernández García
Adrian Donatien Charón,Adrian Donatien Charón
Adriana Díaz Cordero,Adriana Díaz Cordero
Adrián Alfonso Pen˜ate,Adrián Alfonso Pen˜ate
Adrián Saldaña,Adrián Saldaña
Agustín Alejandro Ortiz Díaz,Agustín Alejandro Ortiz Díaz
Aida María Torres Alfonso,Aida María Torres Alfonso
Alain Pérez Alonso,Alain Pérez Alonso
Alberto Fernández Oliva,Alberto Fernández Oliva
Alberto Verdecia Cabrera,Alberto Verdecia Cabrera
Alejandro Cabo Montes de Oca,Alejandro Cabo Montes de Oca
Alejandro Freyre,Alejandro Freyre
Alejandro Lage-Castellanos,Alejandro Lage-Castellanos
Alejandro Mesejo Chiong,Alejandro Mesejo Chiong
Alejandro Piad Morffis,Alejandro Piad Morffis
Alejandro Tamayo Castillo,Alejandro Tamayo Castillo
AlejandroAlonso Fœster,AlejandroAlonso Fœster
Alexander Gorina Sánchez,Alexander Gorina Sánchez
Alexandre I. Grebennikov,Alexandre I. Grebennikov
Alexi Massó Mun˜oz,Alexi Massó Mun˜oz
Alicia Robbio Marrero,Alicia Robbio Marrero
Alina Fernández Arias,Alina Fernández Arias
Alisbet Martínez Bello,Alisbet Martínez Bello
Allan Blanco García,Allan Blanco García
Amaury Pérez Martínez,Amaury Pérez Martínez
Ana A. Oroza Hernández,Ana A. Oroza Hernández
Ana D. Pérez,Ana D. Pérez
Ana Isis Toledo Marrero,Ana Isis Toledo Marrero
Ana Margarita Solares Asteasuainzarra,Ana Margarita Solares Asteasuainzarra
Andro Gonzáles,Andro Gonzáles
Andrés Gago Alonso,Andrés Gago Alonso
Angel Domingues Chovert,Angel Domingues Chovert
Angel Isaac Moreno Delfrade,Angel Isaac Moreno Delfrade
Angel Ulise Tabares González,Angel Ulise Tabares González
Angela Martin Sánchez,Angela Martin Sánchez
Angela Mireya León-Mecías,Angela Mireya León-Mecías
Anna Fernández Girone,Anna Fernández Girone
Annia Ruiz Sánchez,Annia Ruiz Sánchez
Annia Valiente Monte de Oca,Annia Valiente Monte de Oca
Antonio Alejo Combarro,Antonio Alejo Combarro
Antonio Bolufé Rohler,Antonio Bolufé Rohler
Antonio Iván Ruiz Chaveco,Antonio Iván Ruiz Chaveco
Antonio Mustelier Hechavarría,Antonio Mustelier Hechavarría
Antonio Rafael Selva Castañeda,Antonio Rafael Selva Castañeda
Antonio Torres-Reyes,Antonio Torres-Reyes
Aracelys García Armenteros,Aracelys García Armenteros
Ariel Calderón Valdés,Ariel Calderón Valdés
Arlet Ponce Alvarez,Arlet Ponce Alvarez
Armando Arredondo Soto,Armando Arredondo Soto
Aymée de los Ángeles Marrero Severo,Aymée de los Ángeles Marrero Severo
Beatriz de Rancell Montero Deus,Beatriz de Rancell Montero Deus
Benny JonRobaina,Benny JonRobaina
Bin Zhang,Bin Zhang
Boris Pérez Canedo,Boris Pérez Canedo
Brenda Lambert Lamazares,Brenda Lambert Lamazares
Bulmaro Juárez Hernández,Bulmaro Juárez Hernández
Bárbara Rodríguez,Bárbara Rodríguez
C. M. Legón,C. M. Legón
Cacoq Junot,Cacoq Junot
Camila Machado,Camila Machado
Camilo Denis González,Camilo Denis González
Camilo Mora Batista,Camilo Mora Batista
Carlos Duardo Monteagudo,Carlos Duardo Monteagudo
Carlos Díaz Novo,Carlos Díaz Novo
Carlos García,Carlos García
Carlos Javier Pérez Perez,Carlos Javier Pérez Perez
Carlos Jiménez Tejeda,Carlos Jiménez Tejeda
Carlos Miguel Legón,Carlos Miguel Legón
Carlos Miguel Legón Pérez,Carlos Miguel Legón Pérez
Carlos Morell Pérez,Carlos Morell Pérez
Carlos Rafael Sebrango Rodríguez,Carlos Rafael Sebrango Rodríguez
Carlos Segura Vidal,Carlos Segura Vidal
Carlos Sánchez Fernández,Carlos Sánchez Fernández
Carlos de la Caridad Rodríguez Fadragas,Carlos de la Caridad Rodríguez Fadragas
Carmen Tejeda Toledo,Carmen Tejeda Toledo
Celia T. González González,Celia T. González González
Ceyli M. Ricardo Gomar,Ceyli M. Ricardo Gomar
Claudia Espinosa Contreras,Claudia Espinosa Contreras
Claudia Fonte Sánchez,Claudia Fonte Sánchez
Cliffor Jerry Herrera-Castrillo,Cliffor Jerry Herrera-Castrillo
Comité Editorial,Comité Editorial
Concepción Valdés Castro,Concepción Valdés Castro
César Raúl García Jacas,César Raúl García Jacas
Dagoberto Acosta Iglesias,Dagoberto Acosta Iglesias
Damian Valdés Santiago,Damian Valdés Santiago
Damny Magdaleno Guevara,Damny Magdaleno Guevara
Dania Tamayo Vera,Dania Tamayo Vera
Daniel Alejandro Mesejo León,Daniel Alejandro Mesejo León
Daniel Alejandro Valdés Pérez,Daniel Alejandro Valdés Pérez
Daniel Alfonso Santiesteban,Daniel Alfonso Santiesteban
Daniel Menció Padrón,Daniel Menció Padrón
Daniela Bonilla Barraza,Daniela Bonilla Barraza
Danilo Valdes Ramirez,Danilo Valdes Ramirez
David Guinovart Sanjuán,David Guinovart Sanjuán
David La O Naranjo,David La O Naranjo
David Rodríguez Fernández,David Rodríguez Fernández
Dayron Chang Dominguez1*,Dayron Chang Dominguez1*
Dianne Miyares Moreno,Dianne Miyares Moreno
Diego Esteban Gutierrez Valencia,Diego Esteban Gutierrez Valencia
Dr C. Manuel Mariño Betancourt,Dr C. Manuel Mariño Betancourt
Dr C. Miguel Cruz Ramírez,Dr C. Miguel Cruz Ramírez
Dr. José Enrique Martínez Serra,Dr. José Enrique Martínez Serra
Dr. Lorgio F. Batard Martínez,Dr. Lorgio F. Batard Martínez
Dr. Luis R. Piñeiro Díaz,Dr. Luis R. Piñeiro Díaz
Dr.C Ricardo Sánchez Casanova,Dr.C Ricardo Sánchez Casanova
Dr.C. José Fidel Hernández Advíncula,Dr.C. José Fidel Hernández Advíncula
Dra. Elina Miret Barroso,Dra. Elina Miret Barroso
Dra. Lydia Castro Odio,Dra. Lydia Castro Odio
Dra. Marta Lourdes Baguer Díaz-Romañach,Dra. Marta Lourdes Baguer Díaz-Romañach
Dra. Olga Lidia Pérez González,Dra. Olga Lidia Pérez González
DraC Teresa Bernarda Pagés López,DraC Teresa Bernarda Pagés López
Dámasa Martínez Martínez,Dámasa Martínez Martínez
E. J. Madarro,E. J. Madarro
E. Menéndez,E. Menéndez
E. R.Morgado,E. R.Morgado
Eberto R. Morgado Morales,Eberto R. Morgado Morales
Eduardo Quesada Orozco,Eduardo Quesada Orozco
Eduardo R. Concepción Morales,Eduardo R. Concepción Morales
Eduardo Álvarez Rojas,Eduardo Álvarez Rojas
Eladio Jorge Oliveros Saúco,Eladio Jorge Oliveros Saúco
Elisa Monteiro Pereira,Elisa Monteiro Pereira
Elisabet Vivar Reyes,Elisabet Vivar Reyes
Elisângela Monteiro Pereira,Elisângela Monteiro Pereira
Eloy Rafael Oliveros Domínguez,Eloy Rafael Oliveros Domínguez
Elsa C. Ramírez García,Elsa C. Ramírez García
Elsa Gutiérrez Báez,Elsa Gutiérrez Báez
Emmanuel Abdias Romano Castillo,Emmanuel Abdias Romano Castillo
Erick Eduardo Ramirez-Torres,Erick Eduardo Ramirez-Torres
Erick Manuel Delgado Moya,Erick Manuel Delgado Moya
Ernestina Castell2,Ernestina Castell2
Ernesto A. Borrego Rodríguez,Ernesto A. Borrego Rodríguez
Ernesto A. López Cadalso,Ernesto A. López Cadalso
Ernesto A. Mederos Franqueiro,Ernesto A. Mederos Franqueiro
Ernesto Alejandro López Caldalso,Ernesto Alejandro López Caldalso
Ernesto Alfonso Hernández,Ernesto Alfonso Hernández
Ernesto Dominguez Fiallo,Ernesto Dominguez Fiallo
Ernesto Iglesias Rodríguez,Ernesto Iglesias Rodríguez
Ernesto Parra Inza,Ernesto Parra Inza
Ernesto Quevedo Caballero,Ernesto Quevedo Caballero
Ernesto Roberto Fuentes Garí,Ernesto Roberto Fuentes Garí
Esp. David Ricardo Ledo Baster,Esp. David Ricardo Ledo Baster
Esperanza García Santoyo,Esperanza García Santoyo
Evaristo Madarro Capó,Evaristo Madarro Capó
Evelyn Elisa Mart´ınez Sabari,Evelyn Elisa Mart´ınez Sabari
Eziel Ramos,Eziel Ramos
F. García-Alonso,F. García-Alonso
F. J. Dom´ınguez-Mota,F. J. Dom´ınguez-Mota
Federico J. Sabina,Federico J. Sabina
Felicia Pérez Moya,Felicia Pérez Moya
Felix N. Abelardo,Felix N. Abelardo
Fernando Raul Rodriguez Flores,Fernando Raul Rodriguez Flores
Flor María Guerrero Casas,Flor María Guerrero Casas
"Flores López, W. O.","Flores López, W. O."
Franck Boyer,Franck Boyer
Frank E. Acosta Fonseca,Frank E. Acosta Fonseca
Frank Reyes Garc´ıa,Frank Reyes Garc´ıa
Frank Sadan Naranjo-Noda,Frank Sadan Naranjo-Noda
Frankie Mujica Cal,Frankie Mujica Cal
Fátima Pérez García,Fátima Pérez García
G. Sánchez-Yépez,G. Sánchez-Yépez
Gabriel Gil,Gabriel Gil
Gabriela Bayolo Soler,Gabriela Bayolo Soler
"García Rojas, Pedro","García Rojas, Pedro"
Gemayqzel Bouza Allende,Gemayqzel Bouza Allende
Gheisa Lucía Ferreira Lorenzo,Gheisa Lucía Ferreira Lorenzo
Gladys Linares Fleites,Gladys Linares Fleites
Glicerio Viltres Castro,Glicerio Viltres Castro
Gonzalo González Hernández,Gonzalo González Hernández
Gonzalo Joya Caparrós,Gonzalo Joya Caparrós
Greneter Cordoves Delgado,Greneter Cordoves Delgado
Greter Domínguez Rodríguez,Greter Domínguez Rodríguez
Guillermo Enrique Ramírez Montes,Guillermo Enrique Ramírez Montes
Guillermo Sosa Gómez,Guillermo Sosa Gómez
Guilmer F. González Flores,Guilmer F. González Flores
Haydée Guillot Jiménez,Haydée Guillot Jiménez
Henrik Pestano Pino,Henrik Pestano Pino
Herminia Hernández Fernández,Herminia Hernández Fernández
Hortensia J. Reyes Cervantes,Hortensia J. Reyes Cervantes
Huber Mart´ınez Rodr´ıguez,Huber Mart´ınez Rodr´ıguez
Héctor González,Héctor González
Idania Urrutia Roman´ı,Idania Urrutia Roman´ı
Iosvanny Jesús Alfonso Veloso,Iosvanny Jesús Alfonso Veloso
Irene Garc´ıa Rondón,Irene Garc´ıa Rondón
Irene Martínez Ferrer,Irene Martínez Ferrer
Isabel Alonso Berenguer,Isabel Alonso Berenguer
Isabel Martén Powell,Isabel Martén Powell
Isabel Santiesteban Pérez,Isabel Santiesteban Pérez
Isaura Lisbeth Hudiel Fuentes,Isaura Lisbeth Hudiel Fuentes
Isel Grau,Isel Grau
Isel Moreno Montes de Oca,Isel Moreno Montes de Oca
Isidro A. Abelló Ugalde,Isidro A. Abelló Ugalde
Isis Bonet,Isis Bonet
Ismel Martínez Díaz,Ismel Martínez Díaz
Ismel Martínez-Díaz,Ismel Martínez-Díaz
Isvani Frías Blanco,Isvani Frías Blanco
Ivett E. Fuentes,Ivett E. Fuentes
J. A. Reyes,J. A. Reyes
J. G. Tinoco-Ruiz,J. G. Tinoco-Ruiz
J. L. G. Santander,J. L. G. Santander
J. M. Isidro,J. M. Isidro
J. Rigoberto Gabriel-Argu¨elles,J. Rigoberto Gabriel-Argu¨elles
J. Villagómez,J. Villagómez
J.B. Dixon,J.B. Dixon
Jarvin Antón Vargas,Jarvin Antón Vargas
Javier GuillotJiménez,Javier GuillotJiménez
Javier Menéndez,Javier Menéndez
Jenaro Reyes M.,Jenaro Reyes M.
Jesús A. Ruiz Careaga,Jesús A. Ruiz Careaga
Jesús Barreto Molina,Jesús Barreto Molina
Joanna Campbell Amos,Joanna Campbell Amos
Jolbin José Mairena Aráuz,Jolbin José Mairena Aráuz
Jonathan Chicaiza Intriago,Jonathan Chicaiza Intriago
Jorge Del Risco Mart´ınez,Jorge Del Risco Mart´ınez
Jorge E. Macías-Díaz,Jorge E. Macías-Díaz
Jorge Erick López Velázquez,Jorge Erick López Velázquez
Jorge Estrada Hernández,Jorge Estrada Hernández
Jorge Estrada Sarlabous,Jorge Estrada Sarlabous
Jorge Luis Palomino Hernández,Jorge Luis Palomino Hernández
Jorge Luis Rodríguez Pérez,Jorge Luis Rodríguez Pérez
JorgeFardales Pérez,JorgeFardales Pérez
Jorly Alberto Pérez Pérez,Jorly Alberto Pérez Pérez
Jose A. Lugo García,Jose A. Lugo García
Jose Alejandro Mesejo-Chiong,Jose Alejandro Mesejo-Chiong
José A. Ornella Rodriguez,José A. Ornella Rodriguez
José Armando Vivero González,José Armando Vivero González
José E. Valdés Castro,José E. Valdés Castro
José Enrique Alvarez Iglesias2,José Enrique Alvarez Iglesias2
José Jorge Rodríguez Salgado,José Jorge Rodríguez Salgado
José Manuel Espinoza,José Manuel Espinoza
José María Sigarreta Almira,José María Sigarreta Almira
José Quintín Cuador Gil,José Quintín Cuador Gil
José R. Velázquez Codina,José R. Velázquez Codina
José Víctor Tamariz Flores,José Víctor Tamariz Flores
Juan Carlos Hernández Gómez,Juan Carlos Hernández Gómez
Juan Carlos Jiménez Sobrino,Juan Carlos Jiménez Sobrino
Juan Carlos Navarro González,Juan Carlos Navarro González
Juan Manuel Regalado Gómez,Juan Manuel Regalado Gómez
Juan Raúl Delgado Rubi,Juan Raúl Delgado Rubi
Juana E. Bermúdez Sosa,Juana E. Bermúdez Sosa
JuliettM.SuárezFerreira,JuliettM.SuárezFerreira
Julio Cruz Cruz,Julio Cruz Cruz
Julián Bravo Castillero,Julián Bravo Castillero
Kevin Talavera Díaz,Kevin Talavera Díaz
Laidy De Armas Jacomino,Laidy De Armas Jacomino
Larisa Zamora Matamoros,Larisa Zamora Matamoros
Laura Casas Fuentes,Laura Casas Fuentes
Lauren Jimenez-Martin,Lauren Jimenez-Martin
Leisy Sosa Castro,Leisy Sosa Castro
Leonardo Solanilla Chavarro,Leonardo Solanilla Chavarro
Leticia Arco García,Leticia Arco García
Leticia Cristina Bequer Mendoza,Leticia Cristina Bequer Mendoza
Li Guo,Li Guo
Lia de la Concepción Zerquera Ferrer,Lia de la Concepción Zerquera Ferrer
Lic. Bely Rodríguez Morales,Lic. Bely Rodríguez Morales
Lic. Javier Alejandro Quintero Roba,Lic. Javier Alejandro Quintero Roba
Lic. Laura Decalo Salgado,Lic. Laura Decalo Salgado
Lic. Mar´ıa Esther Reyes Calzado,Lic. Mar´ıa Esther Reyes Calzado
Lic. Roxana Pérez García,Lic. Roxana Pérez García
Ligia Ferreira Gomez,Ligia Ferreira Gomez
Lilian Muñiz Álvarez,Lilian Muñiz Álvarez
Lis Velázquez Vidal,Lis Velázquez Vidal
Lisbet Hernández Cárdenas,Lisbet Hernández Cárdenas
Lissette María Pedroso Carracedo,Lissette María Pedroso Carracedo
Lizet Sánchez Valdés,Lizet Sánchez Valdés
Lorena León Arencibia,Lorena León Arencibia
Lourdes Souto Anido,Lourdes Souto Anido
Lourdes Tarifa Lozano (Profesor Titular),Lourdes Tarifa Lozano (Profesor Titular)
Lucina García Hernández,Lucina García Hernández
Ludwig Leonard Méndez,Ludwig Leonard Méndez
Luis A. Salomón Hernández,Luis A. Salomón Hernández
Luis B. Lecha Estela,Luis B. Lecha Estela
Luis Efraín Velastegui López,Luis Efraín Velastegui López
Luis Enrique Bergues Cabrales,Luis Enrique Bergues Cabrales
Luis Enrique Fernández Machado,Luis Enrique Fernández Machado
Luis Eugenio Valdés García,Luis Eugenio Valdés García
Luis Giraldo González Ricardo,Luis Giraldo González Ricardo
Luis Manuel Ávila Nápolez,Luis Manuel Ávila Nápolez
Luis Orlando Castellanos Pérez,Luis Orlando Castellanos Pérez
Luis Quintero Domínguez,Luis Quintero Domínguez
Luis Sorinas Morales,Luis Sorinas Morales
Luisa González,Luisa González
Luís Santiago Moreno,Luís Santiago Moreno
Lázaro Ramón Caraballo Rodríguez,Lázaro Ramón Caraballo Rodríguez
M. A. García-March,M. A. García-March
M. A. Herrera,M. A. Herrera
M. Cortés-Molina,M. Cortés-Molina
M. L. Ruiz-Zavala,M. L. Ruiz-Zavala
M. Lorena Avendan˜o-Garrido,M. Lorena Avendan˜o-Garrido
M.A. Valera Pérez,M.A. Valera Pérez
M.G. Tenorio Arvide,M.G. Tenorio Arvide
MSc. Beatriz Pérez López,MSc. Beatriz Pérez López
MSc. Denis Martínez Tápanes,MSc. Denis Martínez Tápanes
MSc. Walter Carballosa Torres,MSc. Walter Carballosa Torres
MSc. Yanelis Estrada Hernández,MSc. Yanelis Estrada Hernández
Magdiel Vicet Morejón,Magdiel Vicet Morejón
Maibys Sierra Lorenzo,Maibys Sierra Lorenzo
Mailyn Álvarez Caneda,Mailyn Álvarez Caneda
Manuel Guardado Hernández,Manuel Guardado Hernández
Manuel Vázquez Acosta,Manuel Vázquez Acosta
Marcela Parraguez González,Marcela Parraguez González
Marcela Rivera,Marcela Rivera
Marelys Crespo Navas,Marelys Crespo Navas
Mariano Rodríguez Ricard,Mariano Rodríguez Ricard
Maricela Rodríguez Ortiz,Maricela Rodríguez Ortiz
Marielis Izquierdo Matias,Marielis Izquierdo Matias
Mariella Lorenzo Suárez,Mariella Lorenzo Suárez
Mario A. Vera-Villamar,Mario A. Vera-Villamar
Mario Carnesoltas Calvo,Mario Carnesoltas Calvo
Mario M. Ojeda3,Mario M. Ojeda3
Marlen Pérez Díaz,Marlen Pérez Díaz
Marlon Cobas-Batista,Marlon Cobas-Batista
Marta María Álvarez Pérez,Marta María Álvarez Pérez
Martha Beatriz Boggiano Castillo,Martha Beatriz Boggiano Castillo
Mar´ıa Virginia Rodr´ıguez Quiroz,Mar´ıa Virginia Rodr´ıguez Quiroz
María M. García,María M. García
María V. Mederos Brú,María V. Mederos Brú
María de Luz Gasca Soto,María de Luz Gasca Soto
María del Carmen Rivalta Valladares,María del Carmen Rivalta Valladares
María del Carmen Velasco Gómez,María del Carmen Velasco Gómez
Mayelín Macías Norat,Mayelín Macías Norat
Mercedes M. Leal Acosta,Mercedes M. Leal Acosta
Michaell González Jorrín,Michaell González Jorrín
Michel Artiles Egüe,Michel Artiles Egüe
Michel Cabezas,Michel Cabezas
Miguel Angel Borges Trenard,Miguel Angel Borges Trenard
Miguel Angel Socorro Borges,Miguel Angel Socorro Borges
Miguel Enrique Iglesias Martínez,Miguel Enrique Iglesias Martínez
Miguel Escalona Reyes,Miguel Escalona Reyes
Miguel Katrib Mora,Miguel Katrib Mora
Miguel Salvat Quesada,Miguel Salvat Quesada
Miguel Ángel Abreu Terán,Miguel Ángel Abreu Terán
Mijail Borges Quintana,Mijail Borges Quintana
Mijail Veliz Monteagudo,Mijail Veliz Monteagudo
Milenis Fernández Díaz,Milenis Fernández Díaz
Milton Henry Perea,Milton Henry Perea
Minerva Montero Díaz,Minerva Montero Díaz
Miriam Nicado García,Miriam Nicado García
Miriela Escobedo Nicot,Miriela Escobedo Nicot
Mir´ıam G. Báez-Hernández,Mir´ıam G. Báez-Hernández
Moisés Villena Muñoz,Moisés Villena Muñoz
N. Díaz,N. Díaz
Nana Cabo Bizet,Nana Cabo Bizet
Nancy Mesa Carpio,Nancy Mesa Carpio
Nancy Perez,Nancy Perez
Nelson Claudio Córdova Rosas,Nelson Claudio Córdova Rosas
Nelson Díaz,Nelson Díaz
Nelson Tomás Hernández Reyes,Nelson Tomás Hernández Reyes
Nigreisy Montalvo Zulueta,Nigreisy Montalvo Zulueta
Nivian Quintana,Nivian Quintana
Norma Cabrera,Norma Cabrera
Néstor Carbonell Rivero,Néstor Carbonell Rivero
O. A Acevedo Sandoval,O. A Acevedo Sandoval
Omar Salas García,Omar Salas García
Oristela Cuéllar Justiz,Oristela Cuéllar Justiz
Osmani Tito Corrioso,Osmani Tito Corrioso
Osvaldo Jesús Rojas Velázquez,Osvaldo Jesús Rojas Velázquez
Osvaldo Norman Montenegro,Osvaldo Norman Montenegro
Osviel Rodriguez Valdés,Osviel Rodriguez Valdés
Otilio Acevedo S.,Otilio Acevedo S.
Otilio B. Mederos Anoceto,Otilio B. Mederos Anoceto
P. Fernández de Córdoba,P. Fernández de Córdoba
P.Freyre,P.Freyre
Pablo Barrera Sánchez,Pablo Barrera Sánchez
Pablo Freyre Arrozarena,Pablo Freyre Arrozarena
Pablo Homero Velastegui López,Pablo Homero Velastegui López
Patricia Lorenzo-Luaces Álvarez,Patricia Lorenzo-Luaces Álvarez
Paula Fonte,Paula Fonte
Pedro Domínguez Wade,Pedro Domínguez Wade
Pedro Enrique Navarro Sosa,Pedro Enrique Navarro Sosa
Pedro Luis Del Angel Rodríguez,Pedro Luis Del Angel Rodríguez
Pedro Pablo de la Cruz Cobas,Pedro Pablo de la Cruz Cobas
Pedro Y. Piñero Pérez,Pedro Y. Piñero Pérez
Pilar Oròs Baguena,Pilar Oròs Baguena
Prof. Dr. Luis Ramiro Piñeiro Díaz,Prof. Dr. Luis Ramiro Piñeiro Díaz
Rafael Bello Pérez,Rafael Bello Pérez
Rafael Chaviano Conde,Rafael Chaviano Conde
Rafael E. Caballero Fernández,Rafael E. Caballero Fernández
Rafael M. Ávila Ávila,Rafael M. Ávila Ávila
Rafael Oliva-Santos,Rafael Oliva-Santos
RafaelBelloPérez,RafaelBelloPérez
Rainer Llera Menocal,Rainer Llera Menocal
Raisa Socorro Llanes,Raisa Socorro Llanes
Ramiro Pèrez Vazquez,Ramiro Pèrez Vazquez
Ramses Rodr´ıguez Aulet,Ramses Rodr´ıguez Aulet
Ramón Osmany Ramírez Tase,Ramón Osmany Ramírez Tase
Ransés Alfonso Rodríguez,Ransés Alfonso Rodríguez
Raúl Guinovart Díaz,Raúl Guinovart Díaz
Raúl Martínez Rosado,Raúl Martínez Rosado
RaœlGuinovart D(cid:237)az,RaœlGuinovart D(cid:237)az
Redelio Hernández Rubio,Redelio Hernández Rubio
Reinaldo Rodr(cid:237)guez Ramos,Reinaldo Rodr(cid:237)guez Ramos
Reynier A. de la Cruz Jiménez,Reynier A. de la Cruz Jiménez
Ricardo Abreu Blaya,Ricardo Abreu Blaya
Ridelio Miranda Pérez,Ridelio Miranda Pérez
Rita A. Roldán Inguanzo,Rita A. Roldán Inguanzo
Roberto Labrada Claro,Roberto Labrada Claro
Roberto Labrada-Claro,Roberto Labrada-Claro
Rodnel Pen˜a Alvarado,Rodnel Pen˜a Alvarado
Rolando J. Biscay Lirio,Rolando J. Biscay Lirio
Rolando Sánchez Ramos,Rolando Sánchez Ramos
Romina Robert Pérez,Romina Robert Pérez
Rosa Isabel Urquiza Salgado,Rosa Isabel Urquiza Salgado
Roxana Cabrera Puig,Roxana Cabrera Puig
Rubén Interian Kovaliova,Rubén Interian Kovaliova
Rubén Orozco Morales,Rubén Orozco Morales
S. Behar Jeqúın,S. Behar Jeqúın
Sandy Sánchez Domínguez,Sandy Sánchez Domínguez
Saúl Olivera Perdomo,Saúl Olivera Perdomo
Serdaniel Nieves Pupo,Serdaniel Nieves Pupo
Silena Herold Garc´ıa,Silena Herold Garc´ıa
Sira M. Allende Alonso,Sira M. Allende Alonso
Sissi Pérez Del Pino (Adiestrado),Sissi Pérez Del Pino (Adiestrado)
Suilán Estévez Velarde,Suilán Estévez Velarde
Surayne Torres López,Surayne Torres López
Susely Figueroa Iglesias,Susely Figueroa Iglesias
Sylvie Paycha,Sylvie Paycha
Sébastien Martin,Sébastien Martin
Tahiry Gómez Hernández,Tahiry Gómez Hernández
Tania Diez Fumero,Tania Diez Fumero
Valentina Badía Albanés,Valentina Badía Albanés
Victoria Hernández Mederos,Victoria Hernández Mederos
Virginia Álvarez Suárez,Virginia Álvarez Suárez
Vivian Plasencia Calaña,Vivian Plasencia Calaña
Vivian Sistachs Vega,Vivian Sistachs Vega
Vladimir Pacheco Gonzalez,Vladimir Pacheco Gonzalez
Víctor E. Pérez León,Víctor E. Pérez León
Víctor Manuel Mendiola Lau,Víctor Manuel Mendiola Lau
VíctorM.GarcíaMartínez,VíctorM.GarcíaMartínez
Waldemart Baldoquin,Waldemart Baldoquin
Wilfredo Morales Lezca,Wilfredo Morales Lezca
Wilkie Delgado Font,Wilkie Delgado Font
William L. Sariol-Nuñez,William L. Sariol-Nuñez
Y. Matos,Y. Matos
Yaidir Mustelier Ruiz,Yaidir Mustelier Ruiz
YailénMartínezJiménez,YailénMartínezJiménez
Yaimara Granados Hondares,Yaimara Granados Hondares
Yanely Zaldivar Gerpe,Yanely Zaldivar Gerpe
Yanet Rodríguez Sarabia,Yanet Rodríguez Sarabia
Yasser Martin Guillén,Yasser Martin Guillén
Yavseny Roque Hernández,Yavseny Roque Hernández
Yessica Caridad Castan˜o Sainz,Yessica Caridad Castan˜o Sainz
Yoan Quintana Herrera,Yoan Quintana Herrera
Yoanh Espinosa Almeyda,Yoanh Espinosa Almeyda
Yolanda O’Farrill Dinza,Yolanda O’Farrill Dinza
Ziv Shkedy,Ziv Shkedy
Águeda Santana Mart´ınez,Águeda Santana Mart´ınez
Ángela León Mec´ıas,Ángela León Mec´ıas
Ángela Rosa Herrera Trocones,Ángela Rosa Herrera Trocones
Éfren Vázquez Silva,Éfren Vázquez Silva
