Id,Label,TipoNodo
A. Figueroa-Romero,A. Figueroa-Romero,Autor
A. Gaona-Arias,A. Gaona-Arias,Autor
A. Soria-Lorente,A. Soria-Lorente,Autor
Abel Fernández Infante1*,Abel Fernández Infante1*,Autor
Abel Rodr´ıguez Morffi,Abel Rodr´ıguez Morffi,Autor
Abelardo López Domínguez,Abelardo López Domínguez,Autor
Abraham Toledo Sánchez,Abraham Toledo Sánchez,Autor
Adolfo Arsenio Fernández García,Adolfo Arsenio Fernández García,Autor
Adrian Donatien Charón,Adrian Donatien Charón,Autor
Adriana Díaz Cordero,Adriana Díaz Cordero,Autor
Adrián Alfonso Pen˜ate,Adrián Alfonso Pen˜ate,Autor
Adrián Saldaña,Adrián Saldaña,Autor
Agustín Alejandro Ortiz Díaz,Agustín Alejandro Ortiz Díaz,Autor
Aida María Torres Alfonso,Aida María Torres Alfonso,Autor
Alain Pérez Alonso,Alain Pérez Alonso,Autor
Alberto Fernández Oliva,Alberto Fernández Oliva,Autor
Alberto Verdecia Cabrera,Alberto Verdecia Cabrera,Autor
Alejandro Cabo Montes de Oca,Alejandro Cabo Montes de Oca,Autor
Alejandro Freyre,Alejandro Freyre,Autor
Alejandro Lage-Castellanos,Alejandro Lage-Castellanos,Autor
Alejandro Mesejo Chiong,Alejandro Mesejo Chiong,Autor
Alejandro Piad Morffis,Alejandro Piad Morffis,Autor
Alejandro Tamayo Castillo,Alejandro Tamayo Castillo,Autor
AlejandroAlonso Fœster,AlejandroAlonso Fœster,Autor
Alexander Gorina Sánchez,Alexander Gorina Sánchez,Autor
Alexandre I. Grebennikov,Alexandre I. Grebennikov,Autor
Alexi Massó Mun˜oz,Alexi Massó Mun˜oz,Autor
Alicia Robbio Marrero,Alicia Robbio Marrero,Autor
Alina Fernández Arias,Alina Fernández Arias,Autor
Alisbet Martínez Bello,Alisbet Martínez Bello,Autor
Allan Blanco García,Allan Blanco García,Autor
Amaury Pérez Martínez,Amaury Pérez Martínez,Autor
Ana A. Oroza Hernández,Ana A. Oroza Hernández,Autor
Ana D. Pérez,Ana D. Pérez,Autor
Ana Isis Toledo Marrero,Ana Isis Toledo Marrero,Autor
Ana Margarita Solares Asteasuainzarra,Ana Margarita Solares Asteasuainzarra,Autor
Andro Gonzáles,Andro Gonzáles,Autor
Andrés Gago Alonso,Andrés Gago Alonso,Autor
Angel Domingues Chovert,Angel Domingues Chovert,Autor
Angel Isaac Moreno Delfrade,Angel Isaac Moreno Delfrade,Autor
Angel Ulise Tabares González,Angel Ulise Tabares González,Autor
Angela Martin Sánchez,Angela Martin Sánchez,Autor
Angela Mireya León-Mecías,Angela Mireya León-Mecías,Autor
Anna Fernández Girone,Anna Fernández Girone,Autor
Annia Ruiz Sánchez,Annia Ruiz Sánchez,Autor
Annia Valiente Monte de Oca,Annia Valiente Monte de Oca,Autor
Antonio Alejo Combarro,Antonio Alejo Combarro,Autor
Antonio Bolufé Rohler,Antonio Bolufé Rohler,Autor
Antonio Iván Ruiz Chaveco,Antonio Iván Ruiz Chaveco,Autor
Antonio Mustelier Hechavarría,Antonio Mustelier Hechavarría,Autor
Antonio Rafael Selva Castañeda,Antonio Rafael Selva Castañeda,Autor
Antonio Torres-Reyes,Antonio Torres-Reyes,Autor
Aracelys García Armenteros,Aracelys García Armenteros,Autor
Ariel Calderón Valdés,Ariel Calderón Valdés,Autor
Arlet Ponce Alvarez,Arlet Ponce Alvarez,Autor
Armando Arredondo Soto,Armando Arredondo Soto,Autor
Aymée de los Ángeles Marrero Severo,Aymée de los Ángeles Marrero Severo,Autor
Beatriz de Rancell Montero Deus,Beatriz de Rancell Montero Deus,Autor
Benny JonRobaina,Benny JonRobaina,Autor
Bin Zhang,Bin Zhang,Autor
Boris Pérez Canedo,Boris Pérez Canedo,Autor
Brenda Lambert Lamazares,Brenda Lambert Lamazares,Autor
Bulmaro Juárez Hernández,Bulmaro Juárez Hernández,Autor
Bárbara Rodríguez,Bárbara Rodríguez,Autor
C. M. Legón,C. M. Legón,Autor
Cacoq Junot,Cacoq Junot,Autor
Camila Machado,Camila Machado,Autor
Camilo Denis González,Camilo Denis González,Autor
Camilo Mora Batista,Camilo Mora Batista,Autor
Carlos Duardo Monteagudo,Carlos Duardo Monteagudo,Autor
Carlos Díaz Novo,Carlos Díaz Novo,Autor
Carlos García,Carlos García,Autor
Carlos Javier Pérez Perez,Carlos Javier Pérez Perez,Autor
Carlos Jiménez Tejeda,Carlos Jiménez Tejeda,Autor
Carlos Miguel Legón,Carlos Miguel Legón,Autor
Carlos Miguel Legón Pérez,Carlos Miguel Legón Pérez,Autor
Carlos Morell Pérez,Carlos Morell Pérez,Autor
Carlos Rafael Sebrango Rodríguez,Carlos Rafael Sebrango Rodríguez,Autor
Carlos Segura Vidal,Carlos Segura Vidal,Autor
Carlos Sánchez Fernández,Carlos Sánchez Fernández,Autor
Carlos de la Caridad Rodríguez Fadragas,Carlos de la Caridad Rodríguez Fadragas,Autor
Carmen Tejeda Toledo,Carmen Tejeda Toledo,Autor
Celia T. González González,Celia T. González González,Autor
Ceyli M. Ricardo Gomar,Ceyli M. Ricardo Gomar,Autor
Claudia Espinosa Contreras,Claudia Espinosa Contreras,Autor
Claudia Fonte Sánchez,Claudia Fonte Sánchez,Autor
Cliffor Jerry Herrera-Castrillo,Cliffor Jerry Herrera-Castrillo,Autor
Comité Editorial,Comité Editorial,Autor
Concepción Valdés Castro,Concepción Valdés Castro,Autor
César Raúl García Jacas,César Raúl García Jacas,Autor
Dagoberto Acosta Iglesias,Dagoberto Acosta Iglesias,Autor
Damian Valdés Santiago,Damian Valdés Santiago,Autor
Damny Magdaleno Guevara,Damny Magdaleno Guevara,Autor
Dania Tamayo Vera,Dania Tamayo Vera,Autor
Daniel Alejandro Mesejo León,Daniel Alejandro Mesejo León,Autor
Daniel Alejandro Valdés Pérez,Daniel Alejandro Valdés Pérez,Autor
Daniel Alfonso Santiesteban,Daniel Alfonso Santiesteban,Autor
Daniel Menció Padrón,Daniel Menció Padrón,Autor
Daniela Bonilla Barraza,Daniela Bonilla Barraza,Autor
Danilo Valdes Ramirez,Danilo Valdes Ramirez,Autor
David Guinovart Sanjuán,David Guinovart Sanjuán,Autor
David La O Naranjo,David La O Naranjo,Autor
David Rodríguez Fernández,David Rodríguez Fernández,Autor
Dayron Chang Dominguez1*,Dayron Chang Dominguez1*,Autor
Dianne Miyares Moreno,Dianne Miyares Moreno,Autor
Diego Esteban Gutierrez Valencia,Diego Esteban Gutierrez Valencia,Autor
Dr C. Manuel Mariño Betancourt,Dr C. Manuel Mariño Betancourt,Autor
Dr C. Miguel Cruz Ramírez,Dr C. Miguel Cruz Ramírez,Autor
Dr. José Enrique Martínez Serra,Dr. José Enrique Martínez Serra,Autor
Dr. Lorgio F. Batard Martínez,Dr. Lorgio F. Batard Martínez,Autor
Dr. Luis R. Piñeiro Díaz,Dr. Luis R. Piñeiro Díaz,Autor
Dr.C Ricardo Sánchez Casanova,Dr.C Ricardo Sánchez Casanova,Autor
Dr.C. José Fidel Hernández Advíncula,Dr.C. José Fidel Hernández Advíncula,Autor
Dra. Elina Miret Barroso,Dra. Elina Miret Barroso,Autor
Dra. Lydia Castro Odio,Dra. Lydia Castro Odio,Autor
Dra. Marta Lourdes Baguer Díaz-Romañach,Dra. Marta Lourdes Baguer Díaz-Romañach,Autor
Dra. Olga Lidia Pérez González,Dra. Olga Lidia Pérez González,Autor
DraC Teresa Bernarda Pagés López,DraC Teresa Bernarda Pagés López,Autor
Dámasa Martínez Martínez,Dámasa Martínez Martínez,Autor
E. J. Madarro,E. J. Madarro,Autor
E. Menéndez,E. Menéndez,Autor
E. R.Morgado,E. R.Morgado,Autor
Eberto R. Morgado Morales,Eberto R. Morgado Morales,Autor
Eduardo Quesada Orozco,Eduardo Quesada Orozco,Autor
Eduardo R. Concepción Morales,Eduardo R. Concepción Morales,Autor
Eduardo Álvarez Rojas,Eduardo Álvarez Rojas,Autor
Eladio Jorge Oliveros Saúco,Eladio Jorge Oliveros Saúco,Autor
Elisa Monteiro Pereira,Elisa Monteiro Pereira,Autor
Elisabet Vivar Reyes,Elisabet Vivar Reyes,Autor
Elisângela Monteiro Pereira,Elisângela Monteiro Pereira,Autor
Eloy Rafael Oliveros Domínguez,Eloy Rafael Oliveros Domínguez,Autor
Elsa C. Ramírez García,Elsa C. Ramírez García,Autor
Elsa Gutiérrez Báez,Elsa Gutiérrez Báez,Autor
Emmanuel Abdias Romano Castillo,Emmanuel Abdias Romano Castillo,Autor
Erick Eduardo Ramirez-Torres,Erick Eduardo Ramirez-Torres,Autor
Erick Manuel Delgado Moya,Erick Manuel Delgado Moya,Autor
Ernestina Castell2,Ernestina Castell2,Autor
Ernesto A. Borrego Rodríguez,Ernesto A. Borrego Rodríguez,Autor
Ernesto A. López Cadalso,Ernesto A. López Cadalso,Autor
Ernesto A. Mederos Franqueiro,Ernesto A. Mederos Franqueiro,Autor
Ernesto Alejandro López Caldalso,Ernesto Alejandro López Caldalso,Autor
Ernesto Alfonso Hernández,Ernesto Alfonso Hernández,Autor
Ernesto Dominguez Fiallo,Ernesto Dominguez Fiallo,Autor
Ernesto Iglesias Rodríguez,Ernesto Iglesias Rodríguez,Autor
Ernesto Parra Inza,Ernesto Parra Inza,Autor
Ernesto Quevedo Caballero,Ernesto Quevedo Caballero,Autor
Ernesto Roberto Fuentes Garí,Ernesto Roberto Fuentes Garí,Autor
Esp. David Ricardo Ledo Baster,Esp. David Ricardo Ledo Baster,Autor
Esperanza García Santoyo,Esperanza García Santoyo,Autor
Evaristo Madarro Capó,Evaristo Madarro Capó,Autor
Evelyn Elisa Mart´ınez Sabari,Evelyn Elisa Mart´ınez Sabari,Autor
Eziel Ramos,Eziel Ramos,Autor
F. García-Alonso,F. García-Alonso,Autor
F. J. Dom´ınguez-Mota,F. J. Dom´ınguez-Mota,Autor
Federico J. Sabina,Federico J. Sabina,Autor
Felicia Pérez Moya,Felicia Pérez Moya,Autor
Felix N. Abelardo,Felix N. Abelardo,Autor
Fernando Raul Rodriguez Flores,Fernando Raul Rodriguez Flores,Autor
Flor María Guerrero Casas,Flor María Guerrero Casas,Autor
"Flores López, W. O.","Flores López, W. O.",Autor
Franck Boyer,Franck Boyer,Autor
Frank E. Acosta Fonseca,Frank E. Acosta Fonseca,Autor
Frank Reyes Garc´ıa,Frank Reyes Garc´ıa,Autor
Frank Sadan Naranjo-Noda,Frank Sadan Naranjo-Noda,Autor
Frankie Mujica Cal,Frankie Mujica Cal,Autor
Fátima Pérez García,Fátima Pérez García,Autor
G. Sánchez-Yépez,G. Sánchez-Yépez,Autor
Gabriel Gil,Gabriel Gil,Autor
Gabriela Bayolo Soler,Gabriela Bayolo Soler,Autor
"García Rojas, Pedro","García Rojas, Pedro",Autor
Gemayqzel Bouza Allende,Gemayqzel Bouza Allende,Autor
Gheisa Lucía Ferreira Lorenzo,Gheisa Lucía Ferreira Lorenzo,Autor
Gladys Linares Fleites,Gladys Linares Fleites,Autor
Glicerio Viltres Castro,Glicerio Viltres Castro,Autor
Gonzalo González Hernández,Gonzalo González Hernández,Autor
Gonzalo Joya Caparrós,Gonzalo Joya Caparrós,Autor
Greneter Cordoves Delgado,Greneter Cordoves Delgado,Autor
Greter Domínguez Rodríguez,Greter Domínguez Rodríguez,Autor
Guillermo Enrique Ramírez Montes,Guillermo Enrique Ramírez Montes,Autor
Guillermo Sosa Gómez,Guillermo Sosa Gómez,Autor
Guilmer F. González Flores,Guilmer F. González Flores,Autor
Haydée Guillot Jiménez,Haydée Guillot Jiménez,Autor
Henrik Pestano Pino,Henrik Pestano Pino,Autor
Herminia Hernández Fernández,Herminia Hernández Fernández,Autor
Hortensia J. Reyes Cervantes,Hortensia J. Reyes Cervantes,Autor
Huber Mart´ınez Rodr´ıguez,Huber Mart´ınez Rodr´ıguez,Autor
Héctor González,Héctor González,Autor
Idania Urrutia Roman´ı,Idania Urrutia Roman´ı,Autor
Iosvanny Jesús Alfonso Veloso,Iosvanny Jesús Alfonso Veloso,Autor
Irene Garc´ıa Rondón,Irene Garc´ıa Rondón,Autor
Irene Martínez Ferrer,Irene Martínez Ferrer,Autor
Isabel Alonso Berenguer,Isabel Alonso Berenguer,Autor
Isabel Martén Powell,Isabel Martén Powell,Autor
Isabel Santiesteban Pérez,Isabel Santiesteban Pérez,Autor
Isaura Lisbeth Hudiel Fuentes,Isaura Lisbeth Hudiel Fuentes,Autor
Isel Grau,Isel Grau,Autor
Isel Moreno Montes de Oca,Isel Moreno Montes de Oca,Autor
Isidro A. Abelló Ugalde,Isidro A. Abelló Ugalde,Autor
Isis Bonet,Isis Bonet,Autor
Ismel Martínez Díaz,Ismel Martínez Díaz,Autor
Ismel Martínez-Díaz,Ismel Martínez-Díaz,Autor
Isvani Frías Blanco,Isvani Frías Blanco,Autor
Ivett E. Fuentes,Ivett E. Fuentes,Autor
J. A. Reyes,J. A. Reyes,Autor
J. G. Tinoco-Ruiz,J. G. Tinoco-Ruiz,Autor
J. L. G. Santander,J. L. G. Santander,Autor
J. M. Isidro,J. M. Isidro,Autor
J. Rigoberto Gabriel-Argu¨elles,J. Rigoberto Gabriel-Argu¨elles,Autor
J. Villagómez,J. Villagómez,Autor
J.B. Dixon,J.B. Dixon,Autor
Jarvin Antón Vargas,Jarvin Antón Vargas,Autor
Javier GuillotJiménez,Javier GuillotJiménez,Autor
Javier Menéndez,Javier Menéndez,Autor
Jenaro Reyes M.,Jenaro Reyes M.,Autor
Jesús A. Ruiz Careaga,Jesús A. Ruiz Careaga,Autor
Jesús Barreto Molina,Jesús Barreto Molina,Autor
Joanna Campbell Amos,Joanna Campbell Amos,Autor
Jolbin José Mairena Aráuz,Jolbin José Mairena Aráuz,Autor
Jonathan Chicaiza Intriago,Jonathan Chicaiza Intriago,Autor
Jorge Del Risco Mart´ınez,Jorge Del Risco Mart´ınez,Autor
Jorge E. Macías-Díaz,Jorge E. Macías-Díaz,Autor
Jorge Erick López Velázquez,Jorge Erick López Velázquez,Autor
Jorge Estrada Hernández,Jorge Estrada Hernández,Autor
Jorge Estrada Sarlabous,Jorge Estrada Sarlabous,Autor
Jorge Luis Palomino Hernández,Jorge Luis Palomino Hernández,Autor
Jorge Luis Rodríguez Pérez,Jorge Luis Rodríguez Pérez,Autor
JorgeFardales Pérez,JorgeFardales Pérez,Autor
Jorly Alberto Pérez Pérez,Jorly Alberto Pérez Pérez,Autor
Jose A. Lugo García,Jose A. Lugo García,Autor
Jose Alejandro Mesejo-Chiong,Jose Alejandro Mesejo-Chiong,Autor
José A. Ornella Rodriguez,José A. Ornella Rodriguez,Autor
José Armando Vivero González,José Armando Vivero González,Autor
José E. Valdés Castro,José E. Valdés Castro,Autor
José Enrique Alvarez Iglesias2,José Enrique Alvarez Iglesias2,Autor
José Jorge Rodríguez Salgado,José Jorge Rodríguez Salgado,Autor
José Manuel Espinoza,José Manuel Espinoza,Autor
José María Sigarreta Almira,José María Sigarreta Almira,Autor
José Quintín Cuador Gil,José Quintín Cuador Gil,Autor
José R. Velázquez Codina,José R. Velázquez Codina,Autor
José Víctor Tamariz Flores,José Víctor Tamariz Flores,Autor
Juan Carlos Hernández Gómez,Juan Carlos Hernández Gómez,Autor
Juan Carlos Jiménez Sobrino,Juan Carlos Jiménez Sobrino,Autor
Juan Carlos Navarro González,Juan Carlos Navarro González,Autor
Juan Manuel Regalado Gómez,Juan Manuel Regalado Gómez,Autor
Juan Raúl Delgado Rubi,Juan Raúl Delgado Rubi,Autor
Juana E. Bermúdez Sosa,Juana E. Bermúdez Sosa,Autor
JuliettM.SuárezFerreira,JuliettM.SuárezFerreira,Autor
Julio Cruz Cruz,Julio Cruz Cruz,Autor
Julián Bravo Castillero,Julián Bravo Castillero,Autor
Kevin Talavera Díaz,Kevin Talavera Díaz,Autor
Laidy De Armas Jacomino,Laidy De Armas Jacomino,Autor
Larisa Zamora Matamoros,Larisa Zamora Matamoros,Autor
Laura Casas Fuentes,Laura Casas Fuentes,Autor
Lauren Jimenez-Martin,Lauren Jimenez-Martin,Autor
Leisy Sosa Castro,Leisy Sosa Castro,Autor
Leonardo Solanilla Chavarro,Leonardo Solanilla Chavarro,Autor
Leticia Arco García,Leticia Arco García,Autor
Leticia Cristina Bequer Mendoza,Leticia Cristina Bequer Mendoza,Autor
Li Guo,Li Guo,Autor
Lia de la Concepción Zerquera Ferrer,Lia de la Concepción Zerquera Ferrer,Autor
Lic. Bely Rodríguez Morales,Lic. Bely Rodríguez Morales,Autor
Lic. Javier Alejandro Quintero Roba,Lic. Javier Alejandro Quintero Roba,Autor
Lic. Laura Decalo Salgado,Lic. Laura Decalo Salgado,Autor
Lic. Mar´ıa Esther Reyes Calzado,Lic. Mar´ıa Esther Reyes Calzado,Autor
Lic. Roxana Pérez García,Lic. Roxana Pérez García,Autor
Ligia Ferreira Gomez,Ligia Ferreira Gomez,Autor
Lilian Muñiz Álvarez,Lilian Muñiz Álvarez,Autor
Lis Velázquez Vidal,Lis Velázquez Vidal,Autor
Lisbet Hernández Cárdenas,Lisbet Hernández Cárdenas,Autor
Lissette María Pedroso Carracedo,Lissette María Pedroso Carracedo,Autor
Lizet Sánchez Valdés,Lizet Sánchez Valdés,Autor
Lorena León Arencibia,Lorena León Arencibia,Autor
Lourdes Souto Anido,Lourdes Souto Anido,Autor
Lourdes Tarifa Lozano (Profesor Titular),Lourdes Tarifa Lozano (Profesor Titular),Autor
Lucina García Hernández,Lucina García Hernández,Autor
Ludwig Leonard Méndez,Ludwig Leonard Méndez,Autor
Luis A. Salomón Hernández,Luis A. Salomón Hernández,Autor
Luis B. Lecha Estela,Luis B. Lecha Estela,Autor
Luis Efraín Velastegui López,Luis Efraín Velastegui López,Autor
Luis Enrique Bergues Cabrales,Luis Enrique Bergues Cabrales,Autor
Luis Enrique Fernández Machado,Luis Enrique Fernández Machado,Autor
Luis Eugenio Valdés García,Luis Eugenio Valdés García,Autor
Luis Giraldo González Ricardo,Luis Giraldo González Ricardo,Autor
Luis Manuel Ávila Nápolez,Luis Manuel Ávila Nápolez,Autor
Luis Orlando Castellanos Pérez,Luis Orlando Castellanos Pérez,Autor
Luis Quintero Domínguez,Luis Quintero Domínguez,Autor
Luis Sorinas Morales,Luis Sorinas Morales,Autor
Luisa González,Luisa González,Autor
Luís Santiago Moreno,Luís Santiago Moreno,Autor
Lázaro Ramón Caraballo Rodríguez,Lázaro Ramón Caraballo Rodríguez,Autor
M. A. García-March,M. A. García-March,Autor
M. A. Herrera,M. A. Herrera,Autor
M. Cortés-Molina,M. Cortés-Molina,Autor
M. L. Ruiz-Zavala,M. L. Ruiz-Zavala,Autor
M. Lorena Avendan˜o-Garrido,M. Lorena Avendan˜o-Garrido,Autor
M.A. Valera Pérez,M.A. Valera Pérez,Autor
M.G. Tenorio Arvide,M.G. Tenorio Arvide,Autor
MSc. Beatriz Pérez López,MSc. Beatriz Pérez López,Autor
MSc. Denis Martínez Tápanes,MSc. Denis Martínez Tápanes,Autor
MSc. Walter Carballosa Torres,MSc. Walter Carballosa Torres,Autor
MSc. Yanelis Estrada Hernández,MSc. Yanelis Estrada Hernández,Autor
Magdiel Vicet Morejón,Magdiel Vicet Morejón,Autor
Maibys Sierra Lorenzo,Maibys Sierra Lorenzo,Autor
Mailyn Álvarez Caneda,Mailyn Álvarez Caneda,Autor
Manuel Guardado Hernández,Manuel Guardado Hernández,Autor
Manuel Vázquez Acosta,Manuel Vázquez Acosta,Autor
Marcela Parraguez González,Marcela Parraguez González,Autor
Marcela Rivera,Marcela Rivera,Autor
Marelys Crespo Navas,Marelys Crespo Navas,Autor
Mariano Rodríguez Ricard,Mariano Rodríguez Ricard,Autor
Maricela Rodríguez Ortiz,Maricela Rodríguez Ortiz,Autor
Marielis Izquierdo Matias,Marielis Izquierdo Matias,Autor
Mariella Lorenzo Suárez,Mariella Lorenzo Suárez,Autor
Mario A. Vera-Villamar,Mario A. Vera-Villamar,Autor
Mario Carnesoltas Calvo,Mario Carnesoltas Calvo,Autor
Mario M. Ojeda3,Mario M. Ojeda3,Autor
Marlen Pérez Díaz,Marlen Pérez Díaz,Autor
Marlon Cobas-Batista,Marlon Cobas-Batista,Autor
Marta María Álvarez Pérez,Marta María Álvarez Pérez,Autor
Martha Beatriz Boggiano Castillo,Martha Beatriz Boggiano Castillo,Autor
Mar´ıa Virginia Rodr´ıguez Quiroz,Mar´ıa Virginia Rodr´ıguez Quiroz,Autor
María M. García,María M. García,Autor
María V. Mederos Brú,María V. Mederos Brú,Autor
María de Luz Gasca Soto,María de Luz Gasca Soto,Autor
María del Carmen Rivalta Valladares,María del Carmen Rivalta Valladares,Autor
María del Carmen Velasco Gómez,María del Carmen Velasco Gómez,Autor
Mayelín Macías Norat,Mayelín Macías Norat,Autor
Mercedes M. Leal Acosta,Mercedes M. Leal Acosta,Autor
Michaell González Jorrín,Michaell González Jorrín,Autor
Michel Artiles Egüe,Michel Artiles Egüe,Autor
Michel Cabezas,Michel Cabezas,Autor
Miguel Angel Borges Trenard,Miguel Angel Borges Trenard,Autor
Miguel Angel Socorro Borges,Miguel Angel Socorro Borges,Autor
Miguel Enrique Iglesias Martínez,Miguel Enrique Iglesias Martínez,Autor
Miguel Escalona Reyes,Miguel Escalona Reyes,Autor
Miguel Katrib Mora,Miguel Katrib Mora,Autor
Miguel Salvat Quesada,Miguel Salvat Quesada,Autor
Miguel Ángel Abreu Terán,Miguel Ángel Abreu Terán,Autor
Mijail Borges Quintana,Mijail Borges Quintana,Autor
Mijail Veliz Monteagudo,Mijail Veliz Monteagudo,Autor
Milenis Fernández Díaz,Milenis Fernández Díaz,Autor
Milton Henry Perea,Milton Henry Perea,Autor
Minerva Montero Díaz,Minerva Montero Díaz,Autor
Miriam Nicado García,Miriam Nicado García,Autor
Miriela Escobedo Nicot,Miriela Escobedo Nicot,Autor
Mir´ıam G. Báez-Hernández,Mir´ıam G. Báez-Hernández,Autor
Moisés Villena Muñoz,Moisés Villena Muñoz,Autor
N. Díaz,N. Díaz,Autor
Nana Cabo Bizet,Nana Cabo Bizet,Autor
Nancy Mesa Carpio,Nancy Mesa Carpio,Autor
Nancy Perez,Nancy Perez,Autor
Nelson Claudio Córdova Rosas,Nelson Claudio Córdova Rosas,Autor
Nelson Díaz,Nelson Díaz,Autor
Nelson Tomás Hernández Reyes,Nelson Tomás Hernández Reyes,Autor
Nigreisy Montalvo Zulueta,Nigreisy Montalvo Zulueta,Autor
Nivian Quintana,Nivian Quintana,Autor
Norma Cabrera,Norma Cabrera,Autor
Néstor Carbonell Rivero,Néstor Carbonell Rivero,Autor
O. A Acevedo Sandoval,O. A Acevedo Sandoval,Autor
Omar Salas García,Omar Salas García,Autor
Oristela Cuéllar Justiz,Oristela Cuéllar Justiz,Autor
Osmani Tito Corrioso,Osmani Tito Corrioso,Autor
Osvaldo Jesús Rojas Velázquez,Osvaldo Jesús Rojas Velázquez,Autor
Osvaldo Norman Montenegro,Osvaldo Norman Montenegro,Autor
Osviel Rodriguez Valdés,Osviel Rodriguez Valdés,Autor
Otilio Acevedo S.,Otilio Acevedo S.,Autor
Otilio B. Mederos Anoceto,Otilio B. Mederos Anoceto,Autor
P. Fernández de Córdoba,P. Fernández de Córdoba,Autor
P.Freyre,P.Freyre,Autor
Pablo Barrera Sánchez,Pablo Barrera Sánchez,Autor
Pablo Freyre Arrozarena,Pablo Freyre Arrozarena,Autor
Pablo Homero Velastegui López,Pablo Homero Velastegui López,Autor
Patricia Lorenzo-Luaces Álvarez,Patricia Lorenzo-Luaces Álvarez,Autor
Paula Fonte,Paula Fonte,Autor
Pedro Domínguez Wade,Pedro Domínguez Wade,Autor
Pedro Enrique Navarro Sosa,Pedro Enrique Navarro Sosa,Autor
Pedro Luis Del Angel Rodríguez,Pedro Luis Del Angel Rodríguez,Autor
Pedro Pablo de la Cruz Cobas,Pedro Pablo de la Cruz Cobas,Autor
Pedro Y. Piñero Pérez,Pedro Y. Piñero Pérez,Autor
Pilar Oròs Baguena,Pilar Oròs Baguena,Autor
Prof. Dr. Luis Ramiro Piñeiro Díaz,Prof. Dr. Luis Ramiro Piñeiro Díaz,Autor
Rafael Bello Pérez,Rafael Bello Pérez,Autor
Rafael Chaviano Conde,Rafael Chaviano Conde,Autor
Rafael E. Caballero Fernández,Rafael E. Caballero Fernández,Autor
Rafael M. Ávila Ávila,Rafael M. Ávila Ávila,Autor
Rafael Oliva-Santos,Rafael Oliva-Santos,Autor
RafaelBelloPérez,RafaelBelloPérez,Autor
Rainer Llera Menocal,Rainer Llera Menocal,Autor
Raisa Socorro Llanes,Raisa Socorro Llanes,Autor
Ramiro Pèrez Vazquez,Ramiro Pèrez Vazquez,Autor
Ramses Rodr´ıguez Aulet,Ramses Rodr´ıguez Aulet,Autor
Ramón Osmany Ramírez Tase,Ramón Osmany Ramírez Tase,Autor
Ransés Alfonso Rodríguez,Ransés Alfonso Rodríguez,Autor
Raúl Guinovart Díaz,Raúl Guinovart Díaz,Autor
Raúl Martínez Rosado,Raúl Martínez Rosado,Autor
RaœlGuinovart D(cid:237)az,RaœlGuinovart D(cid:237)az,Autor
Redelio Hernández Rubio,Redelio Hernández Rubio,Autor
Reinaldo Rodr(cid:237)guez Ramos,Reinaldo Rodr(cid:237)guez Ramos,Autor
Reynier A. de la Cruz Jiménez,Reynier A. de la Cruz Jiménez,Autor
Ricardo Abreu Blaya,Ricardo Abreu Blaya,Autor
Ridelio Miranda Pérez,Ridelio Miranda Pérez,Autor
Rita A. Roldán Inguanzo,Rita A. Roldán Inguanzo,Autor
Roberto Labrada Claro,Roberto Labrada Claro,Autor
Roberto Labrada-Claro,Roberto Labrada-Claro,Autor
Rodnel Pen˜a Alvarado,Rodnel Pen˜a Alvarado,Autor
Rolando J. Biscay Lirio,Rolando J. Biscay Lirio,Autor
Rolando Sánchez Ramos,Rolando Sánchez Ramos,Autor
Romina Robert Pérez,Romina Robert Pérez,Autor
Rosa Isabel Urquiza Salgado,Rosa Isabel Urquiza Salgado,Autor
Roxana Cabrera Puig,Roxana Cabrera Puig,Autor
Rubén Interian Kovaliova,Rubén Interian Kovaliova,Autor
Rubén Orozco Morales,Rubén Orozco Morales,Autor
S. Behar Jeqúın,S. Behar Jeqúın,Autor
Sandy Sánchez Domínguez,Sandy Sánchez Domínguez,Autor
Saúl Olivera Perdomo,Saúl Olivera Perdomo,Autor
Serdaniel Nieves Pupo,Serdaniel Nieves Pupo,Autor
Silena Herold Garc´ıa,Silena Herold Garc´ıa,Autor
Sira M. Allende Alonso,Sira M. Allende Alonso,Autor
Sissi Pérez Del Pino (Adiestrado),Sissi Pérez Del Pino (Adiestrado),Autor
Suilán Estévez Velarde,Suilán Estévez Velarde,Autor
Surayne Torres López,Surayne Torres López,Autor
Susely Figueroa Iglesias,Susely Figueroa Iglesias,Autor
Sylvie Paycha,Sylvie Paycha,Autor
Sébastien Martin,Sébastien Martin,Autor
Tahiry Gómez Hernández,Tahiry Gómez Hernández,Autor
Tania Diez Fumero,Tania Diez Fumero,Autor
Valentina Badía Albanés,Valentina Badía Albanés,Autor
Victoria Hernández Mederos,Victoria Hernández Mederos,Autor
Virginia Álvarez Suárez,Virginia Álvarez Suárez,Autor
Vivian Plasencia Calaña,Vivian Plasencia Calaña,Autor
Vivian Sistachs Vega,Vivian Sistachs Vega,Autor
Vladimir Pacheco Gonzalez,Vladimir Pacheco Gonzalez,Autor
Víctor E. Pérez León,Víctor E. Pérez León,Autor
Víctor Manuel Mendiola Lau,Víctor Manuel Mendiola Lau,Autor
VíctorM.GarcíaMartínez,VíctorM.GarcíaMartínez,Autor
Waldemart Baldoquin,Waldemart Baldoquin,Autor
Wilfredo Morales Lezca,Wilfredo Morales Lezca,Autor
Wilkie Delgado Font,Wilkie Delgado Font,Autor
William L. Sariol-Nuñez,William L. Sariol-Nuñez,Autor
Y. Matos,Y. Matos,Autor
Yaidir Mustelier Ruiz,Yaidir Mustelier Ruiz,Autor
YailénMartínezJiménez,YailénMartínezJiménez,Autor
Yaimara Granados Hondares,Yaimara Granados Hondares,Autor
Yanely Zaldivar Gerpe,Yanely Zaldivar Gerpe,Autor
Yanet Rodríguez Sarabia,Yanet Rodríguez Sarabia,Autor
Yasser Martin Guillén,Yasser Martin Guillén,Autor
Yavseny Roque Hernández,Yavseny Roque Hernández,Autor
Yessica Caridad Castan˜o Sainz,Yessica Caridad Castan˜o Sainz,Autor
Yoan Quintana Herrera,Yoan Quintana Herrera,Autor
Yoanh Espinosa Almeyda,Yoanh Espinosa Almeyda,Autor
Yolanda O’Farrill Dinza,Yolanda O’Farrill Dinza,Autor
Ziv Shkedy,Ziv Shkedy,Autor
Águeda Santana Mart´ınez,Águeda Santana Mart´ınez,Autor
Ángela León Mec´ıas,Ángela León Mec´ıas,Autor
Ángela Rosa Herrera Trocones,Ángela Rosa Herrera Trocones,Autor
Éfren Vázquez Silva,Éfren Vázquez Silva,Autor
Benemérita Universidad Autónoma de Puebla,Benemérita Universidad Autónoma de Puebla,Afiliacion
"Benemérita Universidad Autónoma de Puebla, FCFM BUAP","Benemérita Universidad Autónoma de Puebla, FCFM BUAP",Afiliacion
"CCSA, La Habana, Cuba","CCSA, La Habana, Cuba",Afiliacion
"CEMAT, Instituto Superior Politécnico José Antonio Echeverría, La Habana, Cuba","CEMAT, Instituto Superior Politécnico José Antonio Echeverría, La Habana, Cuba",Afiliacion
CENATAV,CENATAV,Afiliacion
"CUJAE, Facultad de Informática, La Habana, Cuba","CUJAE, Facultad de Informática, La Habana, Cuba",Afiliacion
"Carretera San Antonio de los Baæos, km 5‰, Reparto Lourdes, Boyeros, La Habana, Cuba","Carretera San Antonio de los Baæos, km 5‰, Reparto Lourdes, Boyeros, La Habana, Cuba",Afiliacion
"Ca´tedradeInforma´tica, InstitutoTe´cnicoMilitar, LaHabana, Cuba","Ca´tedradeInforma´tica, InstitutoTe´cnicoMilitar, LaHabana, Cuba",Afiliacion
"Centro Meteorológico de la Isla de la Juventud, INSMET, Isla de la Juventud, Cuba","Centro Meteorológico de la Isla de la Juventud, INSMET, Isla de la Juventud, Cuba",Afiliacion
"Centro Provincial de Higiene, Epidemiología y Microbiología, Santiago de Cuba, Cuba","Centro Provincial de Higiene, Epidemiología y Microbiología, Santiago de Cuba, Cuba",Afiliacion
"Centro Provincial de Higiene, Epidemiología y Microbiología, Villa Clara, Cuba","Centro Provincial de Higiene, Epidemiología y Microbiología, Villa Clara, Cuba",Afiliacion
"Centro Universitario Regional de Estelí. Universidad Nacional Autónoma de Nicaragua, Managua, Nicaragua","Centro Universitario Regional de Estelí. Universidad Nacional Autónoma de Nicaragua, Managua, Nicaragua",Afiliacion
"Centro de Bioactivos Químicos, UCLV, Villa Clara, Cuba","Centro de Bioactivos Químicos, UCLV, Villa Clara, Cuba",Afiliacion
"Centro de Bioactivos Químicos, Villa Clara, Cuba","Centro de Bioactivos Químicos, Villa Clara, Cuba",Afiliacion
Centro de Biofísica Medica,Centro de Biofísica Medica,Afiliacion
"Centro de Estudio de Matemática para Ciencias Técnicas, Universidad Tecnológica de la Habana ""José Antonio Echevarria"", La Habana, Cuba","Centro de Estudio de Matemática para Ciencias Técnicas, Universidad Tecnológica de la Habana ""José Antonio Echevarria"", La Habana, Cuba",Afiliacion
"Centro de Estudios de Energía y Procesos Industriales CEEPI, Sancti Spíritus, Cuba","Centro de Estudios de Energía y Procesos Industriales CEEPI, Sancti Spíritus, Cuba",Afiliacion
"Centro de Estudios de Informa´tica, Universidad Central”Marta Abreu”de Las Villas, Cuba.","Centro de Estudios de Informa´tica, Universidad Central”Marta Abreu”de Las Villas, Cuba.",Afiliacion
"Centro de Estudios de Informática, Universidad Central 'Marta Abreu' de Las Villas, Villa Clara, Cuba","Centro de Estudios de Informática, Universidad Central 'Marta Abreu' de Las Villas, Villa Clara, Cuba",Afiliacion
"Centro de Estudios de Informática, Universidad Central Marta Abreu de Las Villas, Cuba","Centro de Estudios de Informática, Universidad Central Marta Abreu de Las Villas, Cuba",Afiliacion
"Centro de Estudios de Matemática Computacional, Universidad de las Ciencias Informáticas, La Habana, Cuba","Centro de Estudios de Matemática Computacional, Universidad de las Ciencias Informáticas, La Habana, Cuba",Afiliacion
"Centro de Estudios de Matemática, Instituto de Ciencias Básicas, Universidad Tecnológica de La Habana 'José Antonio Echeverría', La Habana, Cuba","Centro de Estudios de Matemática, Instituto de Ciencias Básicas, Universidad Tecnológica de La Habana 'José Antonio Echeverría', La Habana, Cuba",Afiliacion
"Centro de Estudios para el Perfeccionamiento de la Educacio´n Superior, Universidad de La Habana, Cuba","Centro de Estudios para el Perfeccionamiento de la Educacio´n Superior, Universidad de La Habana, Cuba",Afiliacion
"Centro de Estudios para el Perfeccionamiento de la Educación Superior, Universidad de La Habana, La Habana, Cuba","Centro de Estudios para el Perfeccionamiento de la Educación Superior, Universidad de La Habana, La Habana, Cuba",Afiliacion
"Centro de Estudios para la Educación Superior (CEPES), Universidad de La Habana","Centro de Estudios para la Educación Superior (CEPES), Universidad de La Habana",Afiliacion
"Centro de F´ısica de la Atmo´sfera, Instituto de Meteorolog´ıa, Habana, Cuba","Centro de F´ısica de la Atmo´sfera, Instituto de Meteorolog´ıa, Habana, Cuba",Afiliacion
"Centro de Geoinformática y Señales Digitales, Universidad de las Ciencias Informáticas, La Habana, Cuba","Centro de Geoinformática y Señales Digitales, Universidad de las Ciencias Informáticas, La Habana, Cuba",Afiliacion
"Centro de Informática Industrial, Universidad de las Ciencias Informáticas, La Habana, Cuba","Centro de Informática Industrial, Universidad de las Ciencias Informáticas, La Habana, Cuba",Afiliacion
"Centro de Inmunología Molecular, La Habana, Cuba","Centro de Inmunología Molecular, La Habana, Cuba",Afiliacion
"Centro de Investigaciones dela informática, Universidad Central 'Marta Abreu' de Las Villas, Villa Clara, Cuba","Centro de Investigaciones dela informática, Universidad Central 'Marta Abreu' de Las Villas, Villa Clara, Cuba",Afiliacion
"Centro de Investigaciones en Matemática (CIMAT), Guanajuato, México","Centro de Investigaciones en Matemática (CIMAT), Guanajuato, México",Afiliacion
"Centro de Investigación en Matemáticas A.C, Gto. México","Centro de Investigación en Matemáticas A.C, Gto. México",Afiliacion
"Centro de Meteorolog´ia Agr´ıcola, Instituto de Meteorolog´ıade Cuba, La Habana, Cuba, dayron.chang@insmet.cu","Centro de Meteorolog´ia Agr´ıcola, Instituto de Meteorolog´ıade Cuba, La Habana, Cuba, dayron.chang@insmet.cu",Afiliacion
"Centro de Salud Mental, Ministerio de Salud Pública, La Habana, Cuba","Centro de Salud Mental, Ministerio de Salud Pública, La Habana, Cuba",Afiliacion
"Centro de Salud Mental, Ministerio de Salud Pública, La Habana, Cuba.","Centro de Salud Mental, Ministerio de Salud Pública, La Habana, Cuba.",Afiliacion
Cuba,Cuba,Afiliacion
"Delegación del CITMA en Villa Clara, Villa Clara, Cuba","Delegación del CITMA en Villa Clara, Villa Clara, Cuba",Afiliacion
"Departamento Ciencias de la Tierra, Universidad Estatal Amazónica, Puyo, Ecuador","Departamento Ciencias de la Tierra, Universidad Estatal Amazónica, Puyo, Ecuador",Afiliacion
"Departamento Matemática Aplicada, Facultad de Matemáticay Computación, Universidad de La Habana, La Habana, Cuba.","Departamento Matemática Aplicada, Facultad de Matemáticay Computación, Universidad de La Habana, La Habana, Cuba.",Afiliacion
"Departamento de Análisis Clínicos y Toxicológicos, Facultad de Ciencias Farmacéuticas, Universidad Federal de Alfenas, Minas Gerais, Brasil","Departamento de Análisis Clínicos y Toxicológicos, Facultad de Ciencias Farmacéuticas, Universidad Federal de Alfenas, Minas Gerais, Brasil",Afiliacion
"Departamento de Análisis Clínicos y Toxicológicos, Universidad de São Paulo, São Paulo, Brasil","Departamento de Análisis Clínicos y Toxicológicos, Universidad de São Paulo, São Paulo, Brasil",Afiliacion
"Departamento de Automática, Facultad de Ingeniería Eléctrica, Universidad Central 'Marta Abreu' de las Villas, Villa Clara, Cuba","Departamento de Automática, Facultad de Ingeniería Eléctrica, Universidad Central 'Marta Abreu' de las Villas, Villa Clara, Cuba",Afiliacion
Departamento de Ciencia de la Computación,Departamento de Ciencia de la Computación,Afiliacion
"Departamento de Ciencia de la Computación, Universidad Central de Las Villas, Cuba","Departamento de Ciencia de la Computación, Universidad Central de Las Villas, Cuba",Afiliacion
"Departamento de Ciencias de la Computación, Universidad Central Marta Abreu de Las Villas, Villa Clara, Cuba","Departamento de Ciencias de la Computación, Universidad Central Marta Abreu de Las Villas, Villa Clara, Cuba",Afiliacion
"Departamento de Computación, Facultad de Matemática y Computación, Universidad de La Habana, Cuba","Departamento de Computación, Facultad de Matemática y Computación, Universidad de La Habana, Cuba",Afiliacion
"Departamento de Computación, Universidad de Oriente, Santiago de Cuba, Cuba","Departamento de Computación, Universidad de Oriente, Santiago de Cuba, Cuba",Afiliacion
"Departamento de Economía Aplicada (Matemáticas), Universidad de Málaga, España","Departamento de Economía Aplicada (Matemáticas), Universidad de Málaga, España",Afiliacion
"Departamento de EducaciónaDistancia, Universidad deCienfuegos Carlos Rafael Rodríguez,Cuba","Departamento de EducaciónaDistancia, Universidad deCienfuegos Carlos Rafael Rodríguez,Cuba",Afiliacion
"Departamento de Electrónica, Instituto Técnico Militar “José Martí”, La Habana, Cuba","Departamento de Electrónica, Instituto Técnico Militar “José Martí”, La Habana, Cuba",Afiliacion
"Departamento de Fisiopatología Experimental, Facultad de Medicina, Universidad de São Paulo, São Paulo, Brasil","Departamento de Fisiopatología Experimental, Facultad de Medicina, Universidad de São Paulo, São Paulo, Brasil",Afiliacion
"Departamento de Física Teórica, Facultad de Física, Universidad de La Habana, La Habana, Cuba","Departamento de Física Teórica, Facultad de Física, Universidad de La Habana, La Habana, Cuba",Afiliacion
"Departamento de Física Teórica, Instituto de Cibernética, Matemática y Física (ICIMAF), La Habana, Cuba","Departamento de Física Teórica, Instituto de Cibernética, Matemática y Física (ICIMAF), La Habana, Cuba",Afiliacion
"Departamento de Física, Universidad Central Marta Abreu de Las Villas, Villa Clara, Cuba","Departamento de Física, Universidad Central Marta Abreu de Las Villas, Villa Clara, Cuba",Afiliacion
"Departamento de Física, Universidad Central de Las Villas, 54830 Santa Clara, Cuba","Departamento de Física, Universidad Central de Las Villas, 54830 Santa Clara, Cuba",Afiliacion
"Departamento de Física, Universidad de Pinardel Río, Pinardel Río, Cuba","Departamento de Física, Universidad de Pinardel Río, Pinardel Río, Cuba",Afiliacion
"Departamento de Informática, Universidad de Cienfuegos, Cienfuegos, Cuba","Departamento de Informática, Universidad de Cienfuegos, Cienfuegos, Cuba",Afiliacion
"Departamento de Ingeniería Biomédica, Facultad de Ingeniería en Telecomunicaciones, Informática y Biomédica, Universidad de Oriente, Santiago de Cuba, Cuba","Departamento de Ingeniería Biomédica, Facultad de Ingeniería en Telecomunicaciones, Informática y Biomédica, Universidad de Oriente, Santiago de Cuba, Cuba",Afiliacion
"Departamento de Ingeniería Química, Universidad de Camagüey, Camagüey, Cuba","Departamento de Ingeniería Química, Universidad de Camagüey, Camagüey, Cuba",Afiliacion
Departamento de Investigaciones en Ciencias Agrícolas,Departamento de Investigaciones en Ciencias Agrícolas,Afiliacion
"Departamento de Investigación en Ciencias Agrícolas, Instituto de Ciencias, Benemérita Universidad Autónoma de Puebla, Puebla, México","Departamento de Investigación en Ciencias Agrícolas, Instituto de Ciencias, Benemérita Universidad Autónoma de Puebla, Puebla, México",Afiliacion
Departamento de Investigación en Ciencias Agrícolas.Instituto de CienciasBenemérita Universidad Autónoma de Puebla,Departamento de Investigación en Ciencias Agrícolas.Instituto de CienciasBenemérita Universidad Autónoma de Puebla,Afiliacion
"Departamento de Licenciatura en Matemática, Universidad de Holguín, Cuba","Departamento de Licenciatura en Matemática, Universidad de Holguín, Cuba",Afiliacion
"Departamento de Licenciatura en Matemática, Universidad de Holguín, Holguín, Cuba","Departamento de Licenciatura en Matemática, Universidad de Holguín, Holguín, Cuba",Afiliacion
"Departamento de Matema´tica Aplicada, Facultad de Matema´ticay Computacio´n, Universidad de La Habana, Cuba","Departamento de Matema´tica Aplicada, Facultad de Matema´ticay Computacio´n, Universidad de La Habana, Cuba",Afiliacion
"Departamento de Matemática Aplicada, Facultad de Matemática y Computación, Universidad de La Habana, Cuba","Departamento de Matemática Aplicada, Facultad de Matemática y Computación, Universidad de La Habana, Cuba",Afiliacion
"Departamento de Matemática Aplicada, Facultad de Matemática y Computación, Universidad de La Habana, La Habana, Cuba","Departamento de Matemática Aplicada, Facultad de Matemática y Computación, Universidad de La Habana, La Habana, Cuba",Afiliacion
"Departamento de Matemática Aplicada, Universidad de La Habana","Departamento de Matemática Aplicada, Universidad de La Habana",Afiliacion
"Departamento de Matemática Aplicada, Universidad de La Habana, Cuba","Departamento de Matemática Aplicada, Universidad de La Habana, Cuba",Afiliacion
"Departamento de Matemática Aplicada, Universidad de La Habana, La Habana, Cuba","Departamento de Matemática Aplicada, Universidad de La Habana, La Habana, Cuba",Afiliacion
"Departamento de Matemática Aplicada, Universidad de la Habana, Facultad de Matemática y Computación","Departamento de Matemática Aplicada, Universidad de la Habana, Facultad de Matemática y Computación",Afiliacion
"Departamento de Matemática Interdisciplinaria, Instituto de Cibernética, Matemática y Física, La Habana, Cuba","Departamento de Matemática Interdisciplinaria, Instituto de Cibernética, Matemática y Física, La Habana, Cuba",Afiliacion
"Departamento de Matemática y Física, Universidad Tecnológica del Chocó Diego Luis Córdoba, Chocó, Colombia","Departamento de Matemática y Física, Universidad Tecnológica del Chocó Diego Luis Córdoba, Chocó, Colombia",Afiliacion
"Departamento de Matemática, Facultad de Ciencias Naturales y Exactas, Universidad de Oriente, Cuba","Departamento de Matemática, Facultad de Ciencias Naturales y Exactas, Universidad de Oriente, Cuba",Afiliacion
"Departamento de Matemática, Facultad de Ciencias Naturales y Exactas, Universidad de Oriente, Santiago de Cuba, Cuba","Departamento de Matemática, Facultad de Ciencias Naturales y Exactas, Universidad de Oriente, Santiago de Cuba, Cuba",Afiliacion
"Departamento de Matemática, Facultad de Ciencias de la Educación, Universidad de Guantánamo, Cuba","Departamento de Matemática, Facultad de Ciencias de la Educación, Universidad de Guantánamo, Cuba",Afiliacion
"Departamento de Matemática, Facultad de Matemática y Computación, Universidad de La Habana","Departamento de Matemática, Facultad de Matemática y Computación, Universidad de La Habana",Afiliacion
"Departamento de Matemática, Facultad de Matemática y Computación, Universidad de La Habana, La Habana, Cuba","Departamento de Matemática, Facultad de Matemática y Computación, Universidad de La Habana, La Habana, Cuba",Afiliacion
"Departamento de Matemática, Facultad de Matemática y Computación, Universidad de Oriente","Departamento de Matemática, Facultad de Matemática y Computación, Universidad de Oriente",Afiliacion
"Departamento de Matemática, Instituto Técnico Militar 'José Martí', La Habana, Cuba","Departamento de Matemática, Instituto Técnico Militar 'José Martí', La Habana, Cuba",Afiliacion
"Departamento de Matemática, Instituto Técnico Militar “José Martí”, La Habana, Cuba","Departamento de Matemática, Instituto Técnico Militar “José Martí”, La Habana, Cuba",Afiliacion
"Departamento de Matemática, Instituto de Cibernética Matemática y Física, La Habana, Cuba","Departamento de Matemática, Instituto de Cibernética Matemática y Física, La Habana, Cuba",Afiliacion
"Departamento de Matemática, Pontificia Universidade Católica do Rio de Janeiro, Brasil","Departamento de Matemática, Pontificia Universidade Católica do Rio de Janeiro, Brasil",Afiliacion
"Departamento de Matemática, Universidad Central Marta Abreu de Las Villas, Santa Clara, Villa Clara, Cuba","Departamento de Matemática, Universidad Central Marta Abreu de Las Villas, Santa Clara, Villa Clara, Cuba",Afiliacion
"Departamento de Matemática, Universidad Central Marta Abreu de Las Villas, Villa Clara, Cuba","Departamento de Matemática, Universidad Central Marta Abreu de Las Villas, Villa Clara, Cuba",Afiliacion
"Departamento de Matemática, Universidad Central Marta Abreu, Santa Clara, Villa Clara, Cuba","Departamento de Matemática, Universidad Central Marta Abreu, Santa Clara, Villa Clara, Cuba",Afiliacion
"Departamento de Matemática, Universidad Central de Las Villas, 54830 Santa Clara, Cuba","Departamento de Matemática, Universidad Central de Las Villas, 54830 Santa Clara, Cuba",Afiliacion
"Departamento de Matemática, Universidad Central de Las Villas, Santa Clara, Villa Clara, Cuba","Departamento de Matemática, Universidad Central de Las Villas, Santa Clara, Villa Clara, Cuba",Afiliacion
"Departamento de Matemática, Universidad Máximo Gómez Báez, Cuba","Departamento de Matemática, Universidad Máximo Gómez Báez, Cuba",Afiliacion
"Departamento de Matemática, Universidad de Camagüey, Camagüey, Cuba","Departamento de Matemática, Universidad de Camagüey, Camagüey, Cuba",Afiliacion
"Departamento de Matemática, Universidad de Cienfuegos, Cienfuegos, Cuba","Departamento de Matemática, Universidad de Cienfuegos, Cienfuegos, Cuba",Afiliacion
"Departamento de Matemática, Universidad de Holguín, Cuba","Departamento de Matemática, Universidad de Holguín, Cuba",Afiliacion
"Departamento de Matemática, Universidad de La Habana","Departamento de Matemática, Universidad de La Habana",Afiliacion
"Departamento de Matemática, Universidad de La Habana, Cuba","Departamento de Matemática, Universidad de La Habana, Cuba",Afiliacion
"Departamento de Matemática, Universidad de La Habana, La Habana, Cuba","Departamento de Matemática, Universidad de La Habana, La Habana, Cuba",Afiliacion
"Departamento de Matemática, Universidad de Oriente","Departamento de Matemática, Universidad de Oriente",Afiliacion
"Departamento de Matemática, Universidad de Oriente, Santiago de Cuba, Cuba","Departamento de Matemática, Universidad de Oriente, Santiago de Cuba, Cuba",Afiliacion
"Departamento de Matemática, Universidad de la Habana, Cuba","Departamento de Matemática, Universidad de la Habana, Cuba",Afiliacion
"Departamento de Matemática, Universidad de la Habana, La Habana, Cuba","Departamento de Matemática, Universidad de la Habana, La Habana, Cuba",Afiliacion
"Departamento de Matemática-Física, Facultad de Ciencias Naturales y Exactas, Universidad de Ciencias Pedagógicas ""Enrique José Varona"", La Habana, Cuba","Departamento de Matemática-Física, Facultad de Ciencias Naturales y Exactas, Universidad de Ciencias Pedagógicas ""Enrique José Varona"", La Habana, Cuba",Afiliacion
"Departamento de Matemática-Física, Universidad 'José Martí' de Sancti Spíritus, Sancti Spíritus, Cuba","Departamento de Matemática-Física, Universidad 'José Martí' de Sancti Spíritus, Sancti Spíritus, Cuba",Afiliacion
"Departamento de Matemática. Facultad de Matemática y Computación. Universidad de Oriente, Cuba","Departamento de Matemática. Facultad de Matemática y Computación. Universidad de Oriente, Cuba",Afiliacion
"Departamento de Matemáticas y Física, Universidad Autónoma de Aguascalientes, México","Departamento de Matemáticas y Física, Universidad Autónoma de Aguascalientes, México",Afiliacion
"Departamento de Matemáticas, Universidad Central Marta Abreu, Las Villas","Departamento de Matemáticas, Universidad Central Marta Abreu, Las Villas",Afiliacion
"Departamento de Matemáticas, Universidad de Pinar del Río","Departamento de Matemáticas, Universidad de Pinar del Río",Afiliacion
"Departamento de Matemáticas. Escuela de Tecnología y Ciencias Experimentales. Universidad Jaume I, España","Departamento de Matemáticas. Escuela de Tecnología y Ciencias Experimentales. Universidad Jaume I, España",Afiliacion
"Departamento de Programación e Ingeniería de software, Universidad de la Habana, La Habana, Cuba","Departamento de Programación e Ingeniería de software, Universidad de la Habana, La Habana, Cuba",Afiliacion
"Departamento de Telecomunicaciones, Facultad de Ingeniería en Telecomunicaciones, Informática y Biomédica, Universidad de Oriente, Santiago de Cuba, Cuba","Departamento de Telecomunicaciones, Facultad de Ingeniería en Telecomunicaciones, Informática y Biomédica, Universidad de Oriente, Santiago de Cuba, Cuba",Afiliacion
"Departamento de informática, Universidad de Granma, Cuba","Departamento de informática, Universidad de Granma, Cuba",Afiliacion
"Departamento deIngeniería Informática, Universidad JoséMartí Pérez deSancti – Spíritus,Cuba","Departamento deIngeniería Informática, Universidad JoséMartí Pérez deSancti – Spíritus,Cuba",Afiliacion
"Departamentode Ciencias dela computación, Universidad Central Marta Abreude Las Villas, Villa Clara, Cuba","Departamentode Ciencias dela computación, Universidad Central Marta Abreude Las Villas, Villa Clara, Cuba",Afiliacion
"Departamentode Criptografía, Universidad de La Habana, La Habana, Cuba","Departamentode Criptografía, Universidad de La Habana, La Habana, Cuba",Afiliacion
"Departamentode Educación Matemática, Universidad de Costa Rica, San José, Costa Rica","Departamentode Educación Matemática, Universidad de Costa Rica, San José, Costa Rica",Afiliacion
"Departamentode Matema´tica, Institutode Ciberne´tica Matema´ticay F´ısica, La Habana, Cuba","Departamentode Matema´tica, Institutode Ciberne´tica Matema´ticay F´ısica, La Habana, Cuba",Afiliacion
"Departamentode Matemática, Universidad Tecnológicade La Habana José Antonio Echeverría, Cuba","Departamentode Matemática, Universidad Tecnológicade La Habana José Antonio Echeverría, Cuba",Afiliacion
"DepartamentodeAna´lisesCl´ınicaseToxicolo´gicas,FaculdadedeCieˆnciasFarmaceˆuticas,UniversidadeFederaldeAlfenas,MinasGerais,Brasil","DepartamentodeAna´lisesCl´ınicaseToxicolo´gicas,FaculdadedeCieˆnciasFarmaceˆuticas,UniversidadeFederaldeAlfenas,MinasGerais,Brasil",Afiliacion
"DepartamentodeAna´lisisCl´ınicosyToxicolo´gicos,UniversidaddeSa˜oPaulo,Sa˜oPaulo,Brasil","DepartamentodeAna´lisisCl´ınicosyToxicolo´gicos,UniversidaddeSa˜oPaulo,Sa˜oPaulo,Brasil",Afiliacion
"DepartamentodeComputacio´n,UniversidaddeOriente,SantiagodeCuba,Cuba","DepartamentodeComputacio´n,UniversidaddeOriente,SantiagodeCuba,Cuba",Afiliacion
"DepartamentodeComputación,FacultaddeMatemáticayComputación,UniversidaddeLaHabana,Cuba","DepartamentodeComputación,FacultaddeMatemáticayComputación,UniversidaddeLaHabana,Cuba",Afiliacion
"DepartamentodeEducaciónenMatemática,UniversidadAntonioNariño,Bogota,Colombia","DepartamentodeEducaciónenMatemática,UniversidadAntonioNariño,Bogota,Colombia",Afiliacion
"DepartamentodeFisiopatologiaExperimental,FaculdadedeMedicina,UniversidadedeSa˜oPaulo,Sa˜oPaulo,Brasil","DepartamentodeFisiopatologiaExperimental,FaculdadedeMedicina,UniversidadedeSa˜oPaulo,Sa˜oPaulo,Brasil",Afiliacion
"DepartamentodeFísica Teórica, InstitutodeCibernética, MatemáticayFísica, Calle E, No.309, Vedado, La Habana, Cuba","DepartamentodeFísica Teórica, InstitutodeCibernética, MatemáticayFísica, Calle E, No.309, Vedado, La Habana, Cuba",Afiliacion
"DepartamentodeFísica, DCI, Campus León, Universidad de Guanjuato, CP.37150, León, Guanajuato, México","DepartamentodeFísica, DCI, Campus León, Universidad de Guanjuato, CP.37150, León, Guanajuato, México",Afiliacion
"DepartamentodeInforma´tica,UniversidaddeHolgu´ın,Holgu´ın,Cuba","DepartamentodeInforma´tica,UniversidaddeHolgu´ın,Holgu´ın,Cuba",Afiliacion
"DepartamentodeLicenciaturaenMatema´tica, Universidad de Holgu´ın, Holgu´ın, Cuba","DepartamentodeLicenciaturaenMatema´tica, Universidad de Holgu´ın, Holgu´ın, Cuba",Afiliacion
"DepartamentodeLicenciaturaenMatema´tica,UniversidaddeHolgu´ın,Holgu´ın,Cuba","DepartamentodeLicenciaturaenMatema´tica,UniversidaddeHolgu´ın,Holgu´ın,Cuba",Afiliacion
"DepartamentodeMatema´tica, Facultad de Ciencias Informa´ticas, Universidad de Ciego de A´vila, Cuba","DepartamentodeMatema´tica, Facultad de Ciencias Informa´ticas, Universidad de Ciego de A´vila, Cuba",Afiliacion
"DepartamentodeMatema´tica, Universidad de Holgu´ın, Holgu´ın, Cuba","DepartamentodeMatema´tica, Universidad de Holgu´ın, Holgu´ın, Cuba",Afiliacion
"DepartamentodeMatema´tica,FacultaddeMatema´ticayComputacio´n,UniversidaddelaHabana,Cuba","DepartamentodeMatema´tica,FacultaddeMatema´ticayComputacio´n,UniversidaddelaHabana,Cuba",Afiliacion
"DepartamentodeMatema´tica,InstitutodeCiberne´tica,Matema´ticayF´ısica,LaHabana,Cuba","DepartamentodeMatema´tica,InstitutodeCiberne´tica,Matema´ticayF´ısica,LaHabana,Cuba",Afiliacion
"DepartamentodeMatema´tica,UniversidadLaHabana,Cuba","DepartamentodeMatema´tica,UniversidadLaHabana,Cuba",Afiliacion
"DepartamentodeMatema´tica,UniversidadSantaMar´ıacampusGuayaquil,Ecuador","DepartamentodeMatema´tica,UniversidadSantaMar´ıacampusGuayaquil,Ecuador",Afiliacion
"DepartamentodeMatema´tica,UniversidaddeHolgu´ın,Holgu´ın,Cuba","DepartamentodeMatema´tica,UniversidaddeHolgu´ın,Holgu´ın,Cuba",Afiliacion
"DepartamentodeMatema´tica,UniversidaddeLaHabana,Cuba","DepartamentodeMatema´tica,UniversidaddeLaHabana,Cuba",Afiliacion
"DepartamentodeMatema´tica,UniversidaddeLaHabana,LaHabana,Cuba","DepartamentodeMatema´tica,UniversidaddeLaHabana,LaHabana,Cuba",Afiliacion
"DepartamentodeMatema´tica,UniversidaddelaHabana,CiudadHabana,Cuba","DepartamentodeMatema´tica,UniversidaddelaHabana,CiudadHabana,Cuba",Afiliacion
"DepartamentodeMatema´tica,UniversidaddelaHabana,Cuba","DepartamentodeMatema´tica,UniversidaddelaHabana,Cuba",Afiliacion
"DepartamentodeMatema´tica,UniversidaddelaHabana,LaHabana,Cuba","DepartamentodeMatema´tica,UniversidaddelaHabana,LaHabana,Cuba",Afiliacion
DepartamentodeMatema´ticaAplicada,DepartamentodeMatema´ticaAplicada,Afiliacion
"DepartamentodeMatema´ticaAplicada,FacultaddeMatema´ticayComputacio´n,UniversidaddeLaHabana,Cuba","DepartamentodeMatema´ticaAplicada,FacultaddeMatema´ticayComputacio´n,UniversidaddeLaHabana,Cuba",Afiliacion
"DepartamentodeMatema´ticaAplicada,UniversidaddeOriente,Cuba","DepartamentodeMatema´ticaAplicada,UniversidaddeOriente,Cuba",Afiliacion
"DepartamentodeMatemática,UniversidaddeHabana,Habana,Cuba","DepartamentodeMatemática,UniversidaddeHabana,Habana,Cuba",Afiliacion
"DepartamentodeMatemática, FCNE, Universidad de Oriente, Cuba","DepartamentodeMatemática, FCNE, Universidad de Oriente, Cuba",Afiliacion
"DepartamentodeMatemática,EscuelaIterarmasGeneralJoséMaceoGrajales,SantiagodeCuba,Cuba","DepartamentodeMatemática,EscuelaIterarmasGeneralJoséMaceoGrajales,SantiagodeCuba,Cuba",Afiliacion
"DepartamentodeMatemática,FacultaddeMatemáticayComputación,UniversidaddeLaHabana,LaHabana,Cuba","DepartamentodeMatemática,FacultaddeMatemáticayComputación,UniversidaddeLaHabana,LaHabana,Cuba",Afiliacion
"DepartamentodeMatemática,UniversidadCentralMartaAbreudelasVillas,VillaClara,Cuba","DepartamentodeMatemática,UniversidadCentralMartaAbreudelasVillas,VillaClara,Cuba",Afiliacion
"DepartamentodeMatemática,UniversidadSantaMaría campusGuayaquil, Ecuador","DepartamentodeMatemática,UniversidadSantaMaría campusGuayaquil, Ecuador",Afiliacion
"DepartamentodeMatemática,UniversidaddeLaHabana,Cuba","DepartamentodeMatemática,UniversidaddeLaHabana,Cuba",Afiliacion
"DepartamentodeMatemática,UniversidaddeOriente,SantiagodeCuba,Cuba","DepartamentodeMatemática,UniversidaddeOriente,SantiagodeCuba,Cuba",Afiliacion
"DepartamentodeMatemática,UniversidaddelaHabana,LaHabana,Cuba","DepartamentodeMatemática,UniversidaddelaHabana,LaHabana,Cuba",Afiliacion
"DepartamentodeMatemáticaAplicada,UniversidaddeLaHabana,LaHabana,Cuba","DepartamentodeMatemáticaAplicada,UniversidaddeLaHabana,LaHabana,Cuba",Afiliacion
"DepartamentodeMatemáticas,UniversidadNacionalAutónomadeMéxico,México","DepartamentodeMatemáticas,UniversidadNacionalAutónomadeMéxico,México",Afiliacion
"DepartamentodeProgramacio´nySistemasDigitales,UniversidaddelasCienciasInforma´ticas,LaHabana,Cuba","DepartamentodeProgramacio´nySistemasDigitales,UniversidaddelasCienciasInforma´ticas,LaHabana,Cuba",Afiliacion
"DepartamentodeSoftware, SIMPRO, La Habana, Cuba, ee2@mitsa.cu","DepartamentodeSoftware, SIMPRO, La Habana, Cuba, ee2@mitsa.cu",Afiliacion
"Department of Mathematics and Computer Science, Rutgers University","Department of Mathematics and Computer Science, Rutgers University",Afiliacion
"Department of Mathematics, University of Central Florida, 4393 Andromeda Loop N, Orlando, FL 32816, USA","Department of Mathematics, University of Central Florida, 4393 Andromeda Loop N, Orlando, FL 32816, USA",Afiliacion
"Dirección de Calidad, Universidad Tecnológica de la Habana, Habana, Cuba","Dirección de Calidad, Universidad Tecnológica de la Habana, Habana, Cuba",Afiliacion
"Dirección de Ciencia e Innovación Tecnológica, Centro Nacional de Electromagnetismo Aplicado, Universidad de Oriente, Santiago de Cuba, Cuba","Dirección de Ciencia e Innovación Tecnológica, Centro Nacional de Electromagnetismo Aplicado, Universidad de Oriente, Santiago de Cuba, Cuba",Afiliacion
"Dirección de Criptografía, Ministerio del Interior, Santiago de Cuba, Cuba","Dirección de Criptografía, Ministerio del Interior, Santiago de Cuba, Cuba",Afiliacion
"Dirección de Ensayos Clínicos, Centro de Inmunología Molecular, La Habana, Cuba","Dirección de Ensayos Clínicos, Centro de Inmunología Molecular, La Habana, Cuba",Afiliacion
"Dirección de Informatización, Universidad de Oriente, Santiago de Cuba, Cuba","Dirección de Informatización, Universidad de Oriente, Santiago de Cuba, Cuba",Afiliacion
"Dirección de investigaciones clínicas, Centro de Inmunología Molecular, La Habana, Cuba","Dirección de investigaciones clínicas, Centro de Inmunología Molecular, La Habana, Cuba",Afiliacion
"DirectoryEditor-JefedelarevistaCienciasMatemáticas.DepartamentoMatemáticaAplicada,FacultaddeMatemáticayComputación,UniversidaddeLaHabana,LaHabana,Cuba","DirectoryEditor-JefedelarevistaCienciasMatemáticas.DepartamentoMatemáticaAplicada,FacultaddeMatemáticayComputación,UniversidaddeLaHabana,LaHabana,Cuba",Afiliacion
"División de Sistemas de Gestión Empresarial DATYS, Cuba","División de Sistemas de Gestión Empresarial DATYS, Cuba",Afiliacion
"División de Turismo DATYS, Cuba","División de Turismo DATYS, Cuba",Afiliacion
Dpto. Matemática Aplicada. Facultad de Matemática y Computación. Universidad de La Habana. Cuba,Dpto. Matemática Aplicada. Facultad de Matemática y Computación. Universidad de La Habana. Cuba,Afiliacion
"Dpto. de Ing. Biomédica, Facultad de Ingeniería Eléctrica, Universidad de Oriente, Santiago de Cuba, Cuba","Dpto. de Ing. Biomédica, Facultad de Ingeniería Eléctrica, Universidad de Oriente, Santiago de Cuba, Cuba",Afiliacion
"Dpto. de Ing. Informática, Facultad de Ingeniería Eléctrica, Universidad de Oriente, Cuba","Dpto. de Ing. Informática, Facultad de Ingeniería Eléctrica, Universidad de Oriente, Cuba",Afiliacion
"Dpto. de Investigaciones en Ciencias Agrícolas. B. Universidad Autónoma de Puebla, México.","Dpto. de Investigaciones en Ciencias Agrícolas. B. Universidad Autónoma de Puebla, México.",Afiliacion
"Dpto. de Matemática, Instituto de Cibernética, Matemática y Física, La Habana, Cuba","Dpto. de Matemática, Instituto de Cibernética, Matemática y Física, La Habana, Cuba",Afiliacion
"ELAM, La Habana, Cuba","ELAM, La Habana, Cuba",Afiliacion
Empresa de Tecnolog´ıas para la Defensa (XETID),Empresa de Tecnolog´ıas para la Defensa (XETID),Afiliacion
Escuela Politécnica Superior (E.P.S.). Departamento de Matemática Aplicada. Universidad de Alicante (España).,Escuela Politécnica Superior (E.P.S.). Departamento de Matemática Aplicada. Universidad de Alicante (España).,Afiliacion
"Escuela Politécnica Superior, Universidad de Alicante, España","Escuela Politécnica Superior, Universidad de Alicante, España",Afiliacion
"Escuela Superior Politécnica del Litoral, Guayaquil, Ecuador","Escuela Superior Politécnica del Litoral, Guayaquil, Ecuador",Afiliacion
"Facultad 2, Universidaddelas Ciencias Informáticas, La Habana, Cuba","Facultad 2, Universidaddelas Ciencias Informáticas, La Habana, Cuba",Afiliacion
"Facultad de Artes y Letras, Universidad de La Habana, La Habana, Cuba","Facultad de Artes y Letras, Universidad de La Habana, La Habana, Cuba",Afiliacion
"Facultad de Ciencias F´ısico Matema´ticas, Universidad Michoacan de San Nicola´s de Hidalgo, Morelia, Me´xico","Facultad de Ciencias F´ısico Matema´ticas, Universidad Michoacan de San Nicola´s de Hidalgo, Morelia, Me´xico",Afiliacion
"Facultad de Ciencias F´ısico-Matema´ticas, Universidad Auto´noma de Coahuila, Me´xico","Facultad de Ciencias F´ısico-Matema´ticas, Universidad Auto´noma de Coahuila, Me´xico",Afiliacion
"Facultad de Ciencias Físico Matemáticas, Benemérita Universidad Autónoma de Puebla","Facultad de Ciencias Físico Matemáticas, Benemérita Universidad Autónoma de Puebla",Afiliacion
Facultad de Ciencias Físico-Matemáticas,Facultad de Ciencias Físico-Matemáticas,Afiliacion
"Facultad de Ciencias Físico-Matemáticas, Universidad Autónoma de Coahuila, México","Facultad de Ciencias Físico-Matemáticas, Universidad Autónoma de Coahuila, México",Afiliacion
"Facultad de Ciencias Informa´ticas, Universidad de Ciegode A´vila Ma´ximo Go´mez Ba´ez, Ciegode A´vila, Cuba.","Facultad de Ciencias Informa´ticas, Universidad de Ciegode A´vila Ma´ximo Go´mez Ba´ez, Ciegode A´vila, Cuba.",Afiliacion
"Facultad de Ciencias Informáticas, Universidad de Ciego de Ávila Máximo Gómez Báez, Ciego de Ávila, Cuba","Facultad de Ciencias Informáticas, Universidad de Ciego de Ávila Máximo Gómez Báez, Ciego de Ávila, Cuba",Afiliacion
Facultad de Ciencias de la Computación,Facultad de Ciencias de la Computación,Afiliacion
"Facultad de Ciencias de la Tierra, Universidad Estatal Amazónica, Puyo, Ecuador","Facultad de Ciencias de la Tierra, Universidad Estatal Amazónica, Puyo, Ecuador",Afiliacion
"Facultad de Ciencias y tecnologías, Universidad de las ciencias Informáticas","Facultad de Ciencias y tecnologías, Universidad de las ciencias Informáticas",Afiliacion
"Facultad de Ciencias, Universidad Autónoma de Santo Domingo, Santo Domingo, República Dominicana","Facultad de Ciencias, Universidad Autónoma de Santo Domingo, Santo Domingo, República Dominicana",Afiliacion
"Facultad de Ciencias, Universidad Nacional Auto´noma de Me´xico, Ciudad de Me´xico","Facultad de Ciencias, Universidad Nacional Auto´noma de Me´xico, Ciudad de Me´xico",Afiliacion
"Facultad de Econom´ıa de la Universidad de La Habana, Cuba","Facultad de Econom´ıa de la Universidad de La Habana, Cuba",Afiliacion
"Facultad de Geografía, Universidad de La Habana, La Habana, Cuba","Facultad de Geografía, Universidad de La Habana, La Habana, Cuba",Afiliacion
"Facultad de Informática, Universidad Tecnológica de La Habana","Facultad de Informática, Universidad Tecnológica de La Habana",Afiliacion
"Facultad de Ingenier´ıa Informa´tica, Universidad Tecnolo´gica de La Habana, La Habana, Cuba","Facultad de Ingenier´ıa Informa´tica, Universidad Tecnolo´gica de La Habana, La Habana, Cuba",Afiliacion
"Facultad de Ingeniería Agrícola, Escuela Superior Politécnica Agropecuariade Manabí, Ecuador","Facultad de Ingeniería Agrícola, Escuela Superior Politécnica Agropecuariade Manabí, Ecuador",Afiliacion
"Facultad de Matema´tica y Computacio´n de la Universidad de La Habana, San La´zaro y L, CP10400, La Habana, Cuba.","Facultad de Matema´tica y Computacio´n de la Universidad de La Habana, San La´zaro y L, CP10400, La Habana, Cuba.",Afiliacion
"Facultad de Matema´tica y Computacio´n, Universidad de La Habana, Cuba","Facultad de Matema´tica y Computacio´n, Universidad de La Habana, Cuba",Afiliacion
"Facultad de Matema´tica y Computacio´n, Universidad de La Habana, La Habana, Cuba","Facultad de Matema´tica y Computacio´n, Universidad de La Habana, La Habana, Cuba",Afiliacion
"Facultad de Matema´ticas, Univesidad Veracruzana, Me´xico","Facultad de Matema´ticas, Univesidad Veracruzana, Me´xico",Afiliacion
"Facultad de Matemática y Computación, Universidad de La Habana, La Habana, Cuba","Facultad de Matemática y Computación, Universidad de La Habana, La Habana, Cuba",Afiliacion
Facultad de Matemática Física y Computación,Facultad de Matemática Física y Computación,Afiliacion
"Facultad de Matemática Física y Computación, Universidad Central de Las Villas, Cuba","Facultad de Matemática Física y Computación, Universidad Central de Las Villas, Cuba",Afiliacion
Facultad de Matemática y Computación,Facultad de Matemática y Computación,Afiliacion
"Facultad de Matemática y Computación MATCOM, Universidad de La Habana, La Habana, Cuba","Facultad de Matemática y Computación MATCOM, Universidad de La Habana, La Habana, Cuba",Afiliacion
Facultad de Matemática y Computación Universidad de La Habana,Facultad de Matemática y Computación Universidad de La Habana,Afiliacion
Facultad de Matemática y Computación de la Universidad de La Habana,Facultad de Matemática y Computación de la Universidad de La Habana,Afiliacion
"Facultad de Matemática y Computación, Universidad de La Habana","Facultad de Matemática y Computación, Universidad de La Habana",Afiliacion
"Facultad de Matemática y Computación, Universidad de La Habana, Ciudad de La Habana, Cuba","Facultad de Matemática y Computación, Universidad de La Habana, Ciudad de La Habana, Cuba",Afiliacion
"Facultad de Matemática y Computación, Universidad de La Habana, Cuba","Facultad de Matemática y Computación, Universidad de La Habana, Cuba",Afiliacion
"Facultad de Matemática y Computación, Universidad de La Habana, La Habana, Cuba","Facultad de Matemática y Computación, Universidad de La Habana, La Habana, Cuba",Afiliacion
"Facultad de Matemática y Computación, Universidad de La Habana. Cuba","Facultad de Matemática y Computación, Universidad de La Habana. Cuba",Afiliacion
Facultad de Matemática y Computación. Universidad de La Habana,Facultad de Matemática y Computación. Universidad de La Habana,Afiliacion
"Facultad de Matemática, Físicay Computación,Universidad Central 'Marta Abreu' delas Villas. Cuba.","Facultad de Matemática, Físicay Computación,Universidad Central 'Marta Abreu' delas Villas. Cuba.",Afiliacion
"Facultad de Matemáticas, Universidad Autónoma de Guerrero, Chilpancingo, Guerrero, México","Facultad de Matemáticas, Universidad Autónoma de Guerrero, Chilpancingo, Guerrero, México",Afiliacion
"Facultad de Matemáticay Computación, Universidad de La Habana, Cuba","Facultad de Matemáticay Computación, Universidad de La Habana, Cuba",Afiliacion
"Facultad deMatemáticay Computación,Universidad de La Habana, Cuba.","Facultad deMatemáticay Computación,Universidad de La Habana, Cuba.",Afiliacion
"FacultadMatema´ticayComputacio´n,UniversidaddeLaHabana,Cuba","FacultadMatema´ticayComputacio´n,UniversidaddeLaHabana,Cuba",Afiliacion
"FacultadMatemática y Computación,Universidad de La Habana, Cuba","FacultadMatemática y Computación,Universidad de La Habana, Cuba",Afiliacion
"FacultaddeCienciasTe´cnicas,UniversidaddeGranma,Cuba","FacultaddeCienciasTe´cnicas,UniversidaddeGranma,Cuba",Afiliacion
"FacultaddeMatema´tica,UniversidadAuto´nomadeGuerrero,Guerrero,Me´xico","FacultaddeMatema´tica,UniversidadAuto´nomadeGuerrero,Guerrero,Me´xico",Afiliacion
FacultaddeMatema´ticayComputacio´n,FacultaddeMatema´ticayComputacio´n,Afiliacion
"Fue Metodóloga Nacional de Matemática, Ministerio de Educación, Cuba","Fue Metodóloga Nacional de Matemática, Ministerio de Educación, Cuba",Afiliacion
"Grupo de Modelización Interdisciplinar, InterTech, Instituto Universitario de Matemática Pura y Aplicada, Universitat Politècnica de València, España","Grupo de Modelización Interdisciplinar, InterTech, Instituto Universitario de Matemática Pura y Aplicada, Universitat Politècnica de València, España",Afiliacion
"Hospital Ginecobstétrico Universitario 'Ramón González Coro', La Habana, Cuba","Hospital Ginecobstétrico Universitario 'Ramón González Coro', La Habana, Cuba",Afiliacion
"HospitalMaternode10deOctubre,LaHabana,Cuba","HospitalMaternode10deOctubre,LaHabana,Cuba",Afiliacion
"IGP-Servicio Geológico de Cuba, La Habana, Cuba","IGP-Servicio Geológico de Cuba, La Habana, Cuba",Afiliacion
"IMNi, Niquero, Cuba","IMNi, Niquero, Cuba",Afiliacion
IPK.SLD.CU,IPK.SLD.CU,Afiliacion
"Inst. de Cibernética Matemática y Física, La Habana, Cuba","Inst. de Cibernética Matemática y Física, La Habana, Cuba",Afiliacion
"Institute of Cryptography, Faculty of Mathematics and Computer Science, University of Havana, Cuba.","Institute of Cryptography, Faculty of Mathematics and Computer Science, University of Havana, Cuba.",Afiliacion
"Institute of Mathematics, University of Potsdam","Institute of Mathematics, University of Potsdam",Afiliacion
"Instituto Nacional de Pesquisas Espaciais, Centro de Previsa˜ode Tempo e Estudos Clima´ticos Cachoeira Paulista, Sa˜o Paulo, Brasil","Instituto Nacional de Pesquisas Espaciais, Centro de Previsa˜ode Tempo e Estudos Clima´ticos Cachoeira Paulista, Sa˜o Paulo, Brasil",Afiliacion
"Instituto Superior Polite´cnico Jose´ A. Echeverr´ıa, La Habana, Cuba, afdez@cemat.cujae.edu.cu","Instituto Superior Polite´cnico Jose´ A. Echeverr´ıa, La Habana, Cuba, afdez@cemat.cujae.edu.cu",Afiliacion
"Instituto Superior de Estudios Superiores de Monterrey, Campus, Estado de México, Escuela de Ingeniería y Computación, Estado de México, México","Instituto Superior de Estudios Superiores de Monterrey, Campus, Estado de México, Escuela de Ingeniería y Computación, Estado de México, México",Afiliacion
Instituto de Cibernética Matemática y Física,Instituto de Cibernética Matemática y Física,Afiliacion
"Instituto de Cibernética, Matemática y Física (ICIMAF)","Instituto de Cibernética, Matemática y Física (ICIMAF)",Afiliacion
"Instituto de Cibernética, Matemática y Física, La Habana, Cuba","Instituto de Cibernética, Matemática y Física, La Habana, Cuba",Afiliacion
"Instituto de Ciencias Matemáticas de Computación, Universidad de São Paulo, Brasil","Instituto de Ciencias Matemáticas de Computación, Universidad de São Paulo, Brasil",Afiliacion
Instituto de Criptograf´ıa,Instituto de Criptograf´ıa,Afiliacion
"Instituto de Criptograf´ıa, Universidad de La Habana, La Habana, Cuba","Instituto de Criptograf´ıa, Universidad de La Habana, La Habana, Cuba",Afiliacion
"Instituto de Criptograf´ıa, UniversidaddelaHabana, La Habana, Cuba","Instituto de Criptograf´ıa, UniversidaddelaHabana, La Habana, Cuba",Afiliacion
Instituto de Criptografía,Instituto de Criptografía,Afiliacion
"Instituto de Criptografía, Facultad de Matemática y Computación, Universidad de La Habana, La Habana, Cuba","Instituto de Criptografía, Facultad de Matemática y Computación, Universidad de La Habana, La Habana, Cuba",Afiliacion
"Instituto de Criptografía, Facultad de Matemática y Computación, Universidad de la Habana","Instituto de Criptografía, Facultad de Matemática y Computación, Universidad de la Habana",Afiliacion
"Instituto de Criptografía, Facultad de Matemática y Computación, Universidad de la Habana, Habana, Cuba","Instituto de Criptografía, Facultad de Matemática y Computación, Universidad de la Habana, Habana, Cuba",Afiliacion
"Instituto de Criptografía, Universidad de La Habana, La Habana, Cuba","Instituto de Criptografía, Universidad de La Habana, La Habana, Cuba",Afiliacion
"Instituto de Criptografía, Universidad de la Habana, La Habana, Cuba","Instituto de Criptografía, Universidad de la Habana, La Habana, Cuba",Afiliacion
"Instituto de Investigaciones en Matemáticas Aplicadas y Sistemas, Universidad Nacional Autónoma de México, México, D. F., México","Instituto de Investigaciones en Matemáticas Aplicadas y Sistemas, Universidad Nacional Autónoma de México, México, D. F., México",Afiliacion
Instituto de Matemática Pura y Aplicada,Instituto de Matemática Pura y Aplicada,Afiliacion
"Instituto de Medicina Tropical IPK, La Habana, Cuba","Instituto de Medicina Tropical IPK, La Habana, Cuba",Afiliacion
Instituto de Meteorología,Instituto de Meteorología,Afiliacion
Instituto de Meteorología de la República de Cuba,Instituto de Meteorología de la República de Cuba,Afiliacion
"Institutode Criptograf´ıa, universidaddela Habana, La Habana, Cuba","Institutode Criptograf´ıa, universidaddela Habana, La Habana, Cuba",Afiliacion
"InstitutodeCriptograf´ıa, universidaddelaHabana, LaHabana, Cuba","InstitutodeCriptograf´ıa, universidaddelaHabana, LaHabana, Cuba",Afiliacion
"InstitutodeCriptogtaf´ıa,UniversidaddelaHabana,LaHabana,Cuba","InstitutodeCriptogtaf´ıa,UniversidaddelaHabana,LaHabana,Cuba",Afiliacion
La Habana,La Habana,Afiliacion
"Laboratorio de Gestión de Proyectos, Dirección Técnica de Producción, Universidad de las Ciencias Informáticas, Carretera San Antonio Km 2½. Ciudad de la Habana, Cuba, CP:19370, Tel (53)(07) 8372408","Laboratorio de Gestión de Proyectos, Dirección Técnica de Producción, Universidad de las Ciencias Informáticas, Carretera San Antonio Km 2½. Ciudad de la Habana, Cuba, CP:19370, Tel (53)(07) 8372408",Afiliacion
Mathematics department. Faculty of Education Sciences. Guantánamo University. Cuba,Mathematics department. Faculty of Education Sciences. Guantánamo University. Cuba,Afiliacion
"Mathematics department. Faculty of Natural and Exact Sciences, University of Oriente. Santiago de Cuba, Cuba","Mathematics department. Faculty of Natural and Exact Sciences, University of Oriente. Santiago de Cuba, Cuba",Afiliacion
"Ponti(cid:980)icia Universidad Católica de Valparaíso, Chile","Ponti(cid:980)icia Universidad Católica de Valparaíso, Chile",Afiliacion
Postgrado de Ciencias Ambientales- ICUAP,Postgrado de Ciencias Ambientales- ICUAP,Afiliacion
"Postgrado en Ciencias Ambientales, ICUAP, B. Universidad Autónoma de Puebla, México.","Postgrado en Ciencias Ambientales, ICUAP, B. Universidad Autónoma de Puebla, México.",Afiliacion
"Programa de Posgrado en Ciencias de la Tierra, Universidad Nacional Auto´noma de Me´xico, D.F., Me´xico","Programa de Posgrado en Ciencias de la Tierra, Universidad Nacional Auto´noma de Me´xico, D.F., Me´xico",Afiliacion
"Programming Department, Havana University, Havana, Cuba","Programming Department, Havana University, Havana, Cuba",Afiliacion
SUSS.CO.CU,SUSS.CO.CU,Afiliacion
Scalian Consulting Spain SL. España.,Scalian Consulting Spain SL. España.,Afiliacion
"Sección Científica de Criptografía, SCMC","Sección Científica de Criptografía, SCMC",Afiliacion
"Texas A&M University, College Station, Texas. USA.","Texas A&M University, College Station, Texas. USA.",Afiliacion
Trabajador por cuenta propia,Trabajador por cuenta propia,Afiliacion
"UCP. Félix Varela, Cuba.","UCP. Félix Varela, Cuba.",Afiliacion
UHasselt.BE,UHasselt.BE,Afiliacion
"URACCAN, Managua","URACCAN, Managua",Afiliacion
Unidad Académica Facultad de Matemática. Sede Acapulco. Universidad Autónoma de Guerrero. México,Unidad Académica Facultad de Matemática. Sede Acapulco. Universidad Autónoma de Guerrero. México,Afiliacion
"Unidad Académica de Matemáticas, Universidad Autónoma de Guerrero, Guerrero, México","Unidad Académica de Matemáticas, Universidad Autónoma de Guerrero, Guerrero, México",Afiliacion
Unidad Académica del Instituto de Investigaciones en Matemáticas Aplicadas y en Sistemas en Yucatán. Universidad Nacional Autónoma de México,Unidad Académica del Instituto de Investigaciones en Matemáticas Aplicadas y en Sistemas en Yucatán. Universidad Nacional Autónoma de México,Afiliacion
"UnidaddeInvestigacionesBiomédicas,UniversidaddeCienciasMédicasdeVillaClara,VillaClara,Cuba","UnidaddeInvestigacionesBiomédicas,UniversidaddeCienciasMédicasdeVillaClara,VillaClara,Cuba",Afiliacion
"Universidad Abierta y a Distancia de Me´xico, Ciudad de Me´xico, Me´xico","Universidad Abierta y a Distancia de Me´xico, Ciudad de Me´xico, Me´xico",Afiliacion
"Universidad Agraria de La Habana”Fructuoso Rodríguez Pérez”, Facultad de Ciencias Técnicas, Cuba","Universidad Agraria de La Habana”Fructuoso Rodríguez Pérez”, Facultad de Ciencias Técnicas, Cuba",Afiliacion
"Universidad Aut(cid:243)noma de Coahuila, MØxico","Universidad Aut(cid:243)noma de Coahuila, MØxico",Afiliacion
Universidad Autónoma de Hidalgo.,Universidad Autónoma de Hidalgo.,Afiliacion
Universidad Autónoma del Estado de Hidalgo,Universidad Autónoma del Estado de Hidalgo,Afiliacion
Universidad Católica de Valencia,Universidad Católica de Valencia,Afiliacion
Universidad Central 'Marta Abreu' de Las Villas,Universidad Central 'Marta Abreu' de Las Villas,Afiliacion
"Universidad Central 'Marta Abreu' de Las Villas, Cuba","Universidad Central 'Marta Abreu' de Las Villas, Cuba",Afiliacion
"Universidad Central 'Marta Abreu' de Las Villas, Santa Clara, Cuba","Universidad Central 'Marta Abreu' de Las Villas, Santa Clara, Cuba",Afiliacion
"Universidad Central 'Marta Abreu' de las Villas, Cuba","Universidad Central 'Marta Abreu' de las Villas, Cuba",Afiliacion
"Universidad Central Marta Abreu, Las Villas","Universidad Central Marta Abreu, Las Villas",Afiliacion
Universidad Central de Las Villas,Universidad Central de Las Villas,Afiliacion
"Universidad Central de las Villas, Villa Clara, Cuba","Universidad Central de las Villas, Villa Clara, Cuba",Afiliacion
"Universidad Central“Marta Abreu”de Las Villas, Santa Clara, Cuba","Universidad Central“Marta Abreu”de Las Villas, Santa Clara, Cuba",Afiliacion
"Universidad Central“Marta Abreu”de Las Villas, Villa Clara, Cuba","Universidad Central“Marta Abreu”de Las Villas, Villa Clara, Cuba",Afiliacion
Universidad Hermanos Saiz,Universidad Hermanos Saiz,Afiliacion
Universidad Marta Abreu de Las Villas,Universidad Marta Abreu de Las Villas,Afiliacion
"Universidad Pedagógica de Villa Clara, Cuba","Universidad Pedagógica de Villa Clara, Cuba",Afiliacion
"Universidad Polite´cnica Salesiana, Sede Cuenca. Carrera de Ingenier´ıa Meca´nica. Campus El Vecino. Calle Vieja, 12-30y Elia Liut, Cuenca, Ecuador","Universidad Polite´cnica Salesiana, Sede Cuenca. Carrera de Ingenier´ıa Meca´nica. Campus El Vecino. Calle Vieja, 12-30y Elia Liut, Cuenca, Ecuador",Afiliacion
Universidad Politécnica de Valencia,Universidad Politécnica de Valencia,Afiliacion
Universidad San Agust´ın. Arequipa. Perú,Universidad San Agust´ın. Arequipa. Perú,Afiliacion
"Universidad Te´cnica Federico Santa Mar´ıa, Ecuador–Chile","Universidad Te´cnica Federico Santa Mar´ıa, Ecuador–Chile",Afiliacion
"Universidad Técnica de Ambato, Ambato, Ecuador","Universidad Técnica de Ambato, Ambato, Ecuador",Afiliacion
"Universidad Veracruzana, Xalapa, México","Universidad Veracruzana, Xalapa, México",Afiliacion
"Universidad de Alicante (España), Escuela Politécnica Superior, Departamento de Matemática Aplicada","Universidad de Alicante (España), Escuela Politécnica Superior, Departamento de Matemática Aplicada",Afiliacion
"Universidad de Alicante, Grupo de Investigación Modelización Matemática de Sistemas, España","Universidad de Alicante, Grupo de Investigación Modelización Matemática de Sistemas, España",Afiliacion
Universidad de Camagüey,Universidad de Camagüey,Afiliacion
"Universidad de Ciego de Ávila, Ciego de Ávila, Cuba","Universidad de Ciego de Ávila, Ciego de Ávila, Cuba",Afiliacion
"Universidad de Ciencias Informáticas, Cuba","Universidad de Ciencias Informáticas, Cuba",Afiliacion
"Universidad de Ciencias Médicas de Sancti Spíritus, Facultad de Ciencias Médicas ""Dr. Faustino Pérez Hernández"". Sancti Spíritus, Cuba","Universidad de Ciencias Médicas de Sancti Spíritus, Facultad de Ciencias Médicas ""Dr. Faustino Pérez Hernández"". Sancti Spíritus, Cuba",Afiliacion
"Universidad de Ciencias Médicas de Santiago de Cuba, Cuba","Universidad de Ciencias Médicas de Santiago de Cuba, Cuba",Afiliacion
"Universidad de Ciencias Médicas, Santa Clara","Universidad de Ciencias Médicas, Santa Clara",Afiliacion
"Universidad de Ciencias Pedagógicas ""Enrique José Varona"", La Habana, Cuba","Universidad de Ciencias Pedagógicas ""Enrique José Varona"", La Habana, Cuba",Afiliacion
Universidad de Cienfuegos,Universidad de Cienfuegos,Afiliacion
"Universidad de Cienfuegos, Cuba","Universidad de Cienfuegos, Cuba",Afiliacion
"Universidad de Granma, Cuba","Universidad de Granma, Cuba",Afiliacion
Universidad de Holguín,Universidad de Holguín,Afiliacion
"Universidad de Holguín, Cuba","Universidad de Holguín, Cuba",Afiliacion
Universidad de La Habana,Universidad de La Habana,Afiliacion
"Universidad de La Habana, Cuba","Universidad de La Habana, Cuba",Afiliacion
"Universidad de La Habana, Cuba, lrp@matcom.uh.cu","Universidad de La Habana, Cuba, lrp@matcom.uh.cu",Afiliacion
"Universidad de La Habana, Dirección Docente de Informatización","Universidad de La Habana, Dirección Docente de Informatización",Afiliacion
"Universidad de La Habana, Facultad Matemática y Computación, Cuba","Universidad de La Habana, Facultad Matemática y Computación, Cuba",Afiliacion
"Universidad de La Habana, Facultad de Matemática y Computación","Universidad de La Habana, Facultad de Matemática y Computación",Afiliacion
"Universidad de La Habana, Facultad de Matemática y Computación, Departamento de Matemática Aplicada","Universidad de La Habana, Facultad de Matemática y Computación, Departamento de Matemática Aplicada",Afiliacion
"Universidad de La Habana, Facultad de Matemática y Computación, La Habana, Cuba.","Universidad de La Habana, Facultad de Matemática y Computación, La Habana, Cuba.",Afiliacion
"Universidad de La Habana, La Habana, Cuba","Universidad de La Habana, La Habana, Cuba",Afiliacion
Universidad de La Habana. Cuba,Universidad de La Habana. Cuba,Afiliacion
"Universidad de La Serena, Chile","Universidad de La Serena, Chile",Afiliacion
Universidad de Matanzas,Universidad de Matanzas,Afiliacion
Universidad de Matanzas ¨Camilo Cienfuegos¨ (UMCC),Universidad de Matanzas ¨Camilo Cienfuegos¨ (UMCC),Afiliacion
"Universidad de Matanzas, Cuba","Universidad de Matanzas, Cuba",Afiliacion
"Universidad de Málaga, Dpto. Tecnología Electrónica, E.T.S. Ing. Telecomunicación","Universidad de Málaga, Dpto. Tecnología Electrónica, E.T.S. Ing. Telecomunicación",Afiliacion
Universidad de Oriente,Universidad de Oriente,Afiliacion
"Universidad de Pinardel Río 'Hermanos Saíz Montes de Oca', Cuba","Universidad de Pinardel Río 'Hermanos Saíz Montes de Oca', Cuba",Afiliacion
"Universidad de Sancti Spíritus ""José Martí Pérez"", Centro de Estudios de Energía y Procesos Industriales (CEEPI), Cuba","Universidad de Sancti Spíritus ""José Martí Pérez"", Centro de Estudios de Energía y Procesos Industriales (CEEPI), Cuba",Afiliacion
"Universidad de Sancti Spíritus, Cuba","Universidad de Sancti Spíritus, Cuba",Afiliacion
Universidad de Toronto,Universidad de Toronto,Afiliacion
Universidad de la Habana,Universidad de la Habana,Afiliacion
"Universidad de la Habana, Facultad de Matemática y Computación, Instituto de Criptografía, La Habana, Cuba","Universidad de la Habana, Facultad de Matemática y Computación, Instituto de Criptografía, La Habana, Cuba",Afiliacion
Universidad de la Habana. Cuba,Universidad de la Habana. Cuba,Afiliacion
Universidad de las Ciencias InformÆticas,Universidad de las Ciencias InformÆticas,Afiliacion
"Universidad de las Ciencias Informáticas, Cuba","Universidad de las Ciencias Informáticas, Cuba",Afiliacion
"Universidad del Tolima, Colombia","Universidad del Tolima, Colombia",Afiliacion
"Universidad del estado de Amazonas, Brasil","Universidad del estado de Amazonas, Brasil",Afiliacion
"UniversidadTecnolo´gicadelaHabanaJose´ A.Echeverr´ıa,LaHabana,Cuba","UniversidadTecnolo´gicadelaHabanaJose´ A.Echeverr´ıa,LaHabana,Cuba",Afiliacion
"UniversidaddeHolgu´ın,Holgu´ın,Cuba","UniversidaddeHolgu´ın,Holgu´ın,Cuba",Afiliacion
UniversidaddeLaHabana,UniversidaddeLaHabana,Afiliacion
"UniversidaddeLaHabana,LaHabana,Cuba","UniversidaddeLaHabana,LaHabana,Cuba",Afiliacion
Universidades de Ciencias Pedagógicas,Universidades de Ciencias Pedagógicas,Afiliacion
"University of the State of Amazonas, Brazil","University of the State of Amazonas, Brazil",Afiliacion
"Université Paris Descartes, MAP5 CNRS UMR8145","Université Paris Descartes, MAP5 CNRS UMR8145",Afiliacion
"Université Toulouse 3 Paul Sabatier, Institut de Mathématiques de Toulouse CNRS UMR5219","Université Toulouse 3 Paul Sabatier, Institut de Mathématiques de Toulouse CNRS UMR5219",Afiliacion
"VERTEX Entornos Interactivos 3D, Universidad de las Ciencias Informáticas, La Habana, Cuba","VERTEX Entornos Interactivos 3D, Universidad de las Ciencias Informáticas, La Habana, Cuba",Afiliacion
"XETIC, La Habana, Cuba","XETIC, La Habana, Cuba",Afiliacion
"Yangtze Center of Mathematics, Department of Mathematics, Sichuan University","Yangtze Center of Mathematics, Department of Mathematics, Sichuan University",Afiliacion
"Área de Métodos Cuantitativos e Historia Económica, Universidad Pablo de Olavide, España","Área de Métodos Cuantitativos e Historia Económica, Universidad Pablo de Olavide, España",Afiliacion
